Tithi and Nakṣatra Times;;;;;;Rohiṇī  (< Kṛttikā) = Jayantī Md;;;;;;;;;A: Ahorātra;;;;;;;;;;;;;;;;;;;;;;;;;;;;;;;;;;;;;;;0;;;;;;;;;
Source:;;Madan Gupta Panjika;;;;Punarvasu (< Ārdrā) = Jayā;;;;;;;;;K: Kṣaya;;;;;;;;;;;;;;;;;;;;;;;;;;;;;;;;;;;;;;;0;;;;;;;;;
Year:;;2020–21;;;;Puṣyā Puṣyā (< Punarvasu) = Pāpa-nāśinī;;;;;;;;;VD: Vaiṣṇava Month Day;;;;;;;;;;;;;;;;;;;;;;;;;;;;;;;;;;;;;;;0;;;;;;;;;
Location:;;Kolkata, India;;;;Śravaṇā (< Uttarāṣāḍhā) = Vijayā;;;;;;;;;RT: Relative tithi;;;;;;;;;Location for conversion:;;;;;;;;;;;;;;;;;;;;;;;;;;;;;;0;;;;;;;;;
;;;;;;;;;;;;;;;;;;;;;;;;;;;;;;;;;;;;;;;;;;;;;;;;;;;;;;;;;;;;;;;
;;;;;;;;;;;;;;;;;;;;;;;;;;;;;;;;;;;;;;;;;;;;;;;;;;;;;;;;;;;;;;;
;;;Sign:;;;;;;;;;;;;;;;;;;;;;Difference in UTC:;;2:30;;;;;;;;;;;;;;;;;;;;;;;;;;;;;;;;;;;;;
;;;UTC:;?;;;;;;;;;;;;;;;;;;;;;UTC:;?;;;;;;;;;;;;;;;;;;;;;;;;;;;;;;;;;;;;;
Mās;Pak;Tithi;Start;End;Date;Mon;Year;A;K;Srise;Sset;Date;Mon;Year;VD;RT;Nakṣatra;Start;End;Date;Mon;Year;Day;Tithi;Start;End;Date;Mon;Year;Day;;;;;;;;;;;;;;;;;;;;;;;;;;;;;;;;;0
Viṣṇu;K;Pratipad;;19:20;8;Mar;2023;;;5:58;;8;Mar;2023;1;1;;;;;;;;Pratipad;;16:50;;;;;;;;;;;;;;;;;;;;;;;;;;;;;;;;;;;;;
;;Dvitīya;;20:11;9;Mar;2023;;;5:57;;9;Mar;2023;2;2;;;;;;;;Dvitīya;;17:41;;;;;;;;;;;;;;;;;;;;;;;;;;;;;;;;;;;;;
;;Tṛtīya;;20:29;10;Mar;2023;;;5:56;;10;Mar;2023;3;3;;;;;;;;Tṛtīya;;17:59;;;;;;;;;;;;;;;;;;;;;;;;;;;;;;;;;;;;;
;;Chaturthī;;20:17;11;Mar;2023;;;5:55;;11;Mar;2023;4;4;;;;;;;;Chaturthī;;17:47;;;;;;;;;;;;;;;;;;;;;;;;;;;;;;;;;;;;;
;;Pañchamī;;19:36;12;Mar;2023;;;5:54;;12;Mar;2023;5;5;;;;;;;;Pañchamī;;17:06;;;;;;;;;;;;;;;;;;;;;;;;;;;;;;;;;;;;;
;;Śaṣṭhī;;18:28;13;Mar;2023;;;5:54;;13;Mar;2023;6;6;;;;;;;;Śaṣṭhī;;15:58;;;;;;;;;;;;;;;;;;;;;;;;;;;;;;;;;;;;;
;;Saptamī;;16:56;14;Mar;2023;;;5:53;;14;Mar;2023;7;7;;;;;;;;Saptamī;;14:26;;;;;;;;;;;;;;;;;;;;;;;;;;;;;;;;;;;;;
;;Aṣṭamī;;15:05;15;Mar;2023;;;5:52;;15;Mar;2023;8;8;;;;;;;;Aṣṭamī;;12:35;;;;;;;;;;;;;;;;;;;;;;;;;;;;;;;;;;;;;
;;Navamī;;13:00;16;Mar;2023;;;5:51;;16;Mar;2023;9;9;;;;;;;;Navamī;;10:30;;;;;;;;;;;;;;;;;;;;;;;;;;;;;;;;;;;;;
;;Daśamī;;10:43;17;Mar;2023;;;5:50;;17;Mar;2023;10;10;;;;;;;;Daśamī;;8:13;;;;;;;;;;;;;;;;;;;;;;;;;;;;;;;;;;;;;
;;Ekādaśī;10:43;8:21;18;Mar;2023;;;5:49;;18;Mar;2023;11;11;;;;;;;;Ekādaśī;8:13;5:51;;;;;;;;;;;;;;;;;;;;;;;;;;;;;;;;;;;;;
;;Dvādaśī;8:21;5:57;19;Mar;2023;;;5:48;17:44;19;Mar;2023;12;12;X;;;;;;;Dvādaśī;5:51;3:27;;;;;;;;;;;;;;;;;;;;;;;;;;;;;;;;;;;;;
;;Trayodaśī;5:57;3:38;20;Mar;2023;;K;5:47;;20;Mar;2023;13;14;;;;;;;;Trayodaśī;3:27;1:08;;;;;;;;;;;;;;;;;;;;;;;;;;;;;;;;;;;;;
;;Chaturdaśī;;1:25;21;Mar;2023;;;5:46;;21;Mar;2023;14;15;;;;;;;;Chaturdaśī;;22:55;;;;;;;;;;;;;;;;;;;;;;;;;;;;;;;;;;;;;
;;Amāvasyā;1:25;23:27;21;Mar;2023;;;5:45;;22;Mar;2023;15;1;;;;;;;;Amāvasyā;22:55;20:57;;;;;;;;;;;;;;;;;;;;;;;;;;;;;;;;;;;;;
Viṣṇu;G;Pratipad;;21:44;22;Mar;2023;;;5:44;;23;Mar;2023;16;2;;;;;;;;Pratipad;;19:14;;;;;;;;;;;;;;;;;;;;;;;;;;;;;;;;;;;;;
;;Dvitīya;;20:25;23;Mar;2023;;;5:43;;24;Mar;2023;17;3;;;;;;;;Dvitīya;;17:55;;;;;;;;;;;;;;;;;;;;;;;;;;;;;;;;;;;;;
;;Tṛtīya;;19:30;24;Mar;2023;;;5:42;;25;Mar;2023;18;4;;;;;;;;Tṛtīya;;17:00;;;;;;;;;;;;;;;;;;;;;;;;;;;;;;;;;;;;;
;;Chaturthī;;19:03;25;Mar;2023;;;5:41;;26;Mar;2023;19;5;;;;;;;;Chaturthī;;16:33;;;;;;;;;;;;;;;;;;;;;;;;;;;;;;;;;;;;;
;;Pañchamī;;19:08;26;Mar;2023;;;5:40;;27;Mar;2023;20;6;;;;;;;;Pañchamī;;16:38;;;;;;;;;;;;;;;;;;;;;;;;;;;;;;;;;;;;;
;;Śaṣṭhī;;19:43;27;Mar;2023;;;5:39;;28;Mar;2023;21;7;;;;;;;;Śaṣṭhī;;17:13;;;;;;;;;;;;;;;;;;;;;;;;;;;;;;;;;;;;;
;;Saptamī;;20:48;28;Mar;2023;;;5:38;;29;Mar;2023;22;8;;;;;;;;Saptamī;;18:18;;;;;;;;;;;;;;;;;;;;;;;;;;;;;;;;;;;;;
;;Aṣṭamī;;22:19;29;Mar;2023;;;5:37;;30;Mar;2023;23;9;;;;;;;;Aṣṭamī;;19:49;;;;;;;;;;;;;;;;;;;;;;;;;;;;;;;;;;;;;
;;Navamī;;0:09;31;Mar;2023;;;5:36;;31;Mar;2023;24;10;;;;;;;;Navamī;;21:39;;;;;;;;;;;;;;;;;;;;;;;;;;;;;;;;;;;;;
;;Daśamī;;2:13;1;Apr;2023;;;5:35;;1;Apr;2023;25;11;;;;;;;;Daśamī;;23:43;;;;;;;;;;;;;;;;;;;;;;;;;;;;;;;;;;;;;
;;Ekādaśī;2:13;4:19;2;Apr;2023;;;5:34;;2;Apr;2023;26;12;;;;;;;;Ekādaśī;23:43;1:49;;;;;;;0:00;;;;;;;;;;;;;;;;;;;;;;;;;;;;;;
;;Dvādaśī;4:19;6:15;3;Apr;2023;A;;5:33;17:49;3;Apr;2023;27;12;N;;;;;;;Dvādaśī;1:49;3:45;;;;;;0:00;0:00;;;;;;;;;;;;;;;;;;;;;;;;;;;;;;
;;Trayodaśī;6:15;7:55;4;Apr;2023;;;5:32;17:49;4;Apr;2023;28;13;;;;;;;;Trayodaśī;3:45;5:25;;;;;;;;;;;;;;;;;;;;;;;;;;;;;;;;;;;;;
;;Chaturdaśī;;9:10;5;Apr;2023;;;5:31;;5;Apr;2023;29;14;;;;;;;;Chaturdaśī;;6:40;;;;;;;;;;;;;;;;;;;;;;;;;;;;;;;;;;;;;
;;Pūrṇimā;9:10;9:57;6;Apr;2023;;;5:30;;6;Apr;2023;30;15;;;;;;;;Pūrṇimā;6:40;7:27;;;;;;;;;;;;;;;;;;;;;;;;;;;;;;;;;;;;;
;;;;;;;;;;;;;;;;;;;;;;;;;;;;;;;;;;;;;;;;;;;;;;;;;;;;;;;;;;;;;;;
;;;;;;;;;;;;;;;;;;;;;;;;;;;;;;;;;;;;;;;;;;;;;;;;;;;;;;;;;;;;;;;
;;;UTC:;?;;;;;;;;;;;;;;;;;;;;;UTC:;?;;;;;;;;;;;;;;;;;;;;;;;;;;;;;;;;;;;;;
Mās;Pak;Tithi;Start;End;Date;Mon;Year;A;K;Srise;Sset;Date;Mon;Year;VD;Day;Nakṣatra;Start;End;Date;Mon;Year;Day;Tithi;Start;End;Date;Mon;Year;Day;;;;;;;;;;;;;;;;;;;;;;;;;;;;;;;;;
Madhusūdan;K;Pratipad;;10:13;7;Apr;2023;;;5:29;;7;Apr;2023;1;1;;;;;;;;Pratipad;;7:43;;;;;;;;;;;;;;;;;;;;;;;;;;;;;;;;;;;;;
;;Dvitīya;;9:59;8;Apr;2023;;;5:28;;8;Apr;2023;2;2;;;;;;;;Dvitīya;;7:29;;;;;;;;;;;;;;;;;;;;;;;;;;;;;;;;;;;;;
;;Tṛtīya;;9:15;9;Apr;2023;;;5:27;;9;Apr;2023;3;3;;;;;;;;Tṛtīya;;6:45;;;;;;;;;;;;;;;;;;;;;;;;;;;;;;;;;;;;;
;;Chaturthī;;8:04;10;Apr;2023;;;5:26;;10;Apr;2023;4;4;;;;;;;;Chaturthī;;5:34;;;;;;;;;;;;;;;;;;;;;;;;;;;;;;;;;;;;;
;;Pañchamī;;6:30;11;Apr;2023;;;5:25;;11;Apr;2023;5;5;;;;;;;;Pañchamī;;4:00;;;;;;;;;;;;;;;;;;;;;;;;;;;;;;;;;;;;;
;;Śaṣṭhī;;4:38;12;Apr;2023;;K;5:25;;12;Apr;2023;6;7;;;;;;;;Śaṣṭhī;;2:08;;;;;;;;;;;;;;;;;;;;;;;;;;;;;;;;;;;;;
;;Saptamī;;2:30;13;Apr;2023;;;5:24;;13;Apr;2023;7;8;;;;;;;;Saptamī;;0:00;;;;;;;;;;;;;;;;;;;;;;;;;;;;;;;;;;;;;
;;Aṣṭamī;;0:12;14;Apr;2023;;;5:23;;14;Apr;2023;8;9;;;;;;;;Aṣṭamī;;21:42;;;;;;;;;;;;;;;;;;;;;;;;;;;;;;;;;;;;;
;;Navamī;;21:49;14;Apr;2023;;;;;15;Apr;2023;9;10;;;;;;;;Navamī;;19:19;;;;;;;;;;;;;;;;;;;;;;;;;;;;;;;;;;;;;
Start Beng;;Daśamī;;19:22;15;Apr;2023;;;5:21;;15;Apr;2023;10;11;;;;;;;;Daśamī;;16:52;;;;;;;;;;;;;;;;;;;;;;;;;;;;;;;;;;;;;
;;Ekādaśī;19:22;17:00;16;Apr;2023;;;5:21;;16;Apr;2023;11;12;;;;;;;;Ekādaśī;16:52;14:30;;;;;;;;;;;;;;;;;;;;;;;;;;;;;;;;;;;;;
;;Dvādaśī;17:00;14:46;17;Apr;2023;;;5:20;17:55;17;Apr;2023;12;13;X;;;;;;;Dvādaśī;14:30;12:15;;;;;;;;;;;;;;;;;;;;;;;;;;;;;;;;;;;;;
;;Trayodaśī;14:46;12:46;18;Apr;2023;;;5:19;;18;Apr;2023;13;14;;;;;;;;Trayodaśī;12:15;10:16;;;;;;;;;;;;;;;;;;;;;;;;;;;;;;;;;;;;;
;;Chaturdaśī;;11:02;19;Apr;2023;;;5:18;;19;Apr;2023;14;14;;;;;;;;Chaturdaśī;;8:32;;;;;;;;;;;;;;;;;;;;;;;;;;;;;;;;;;;;;
;;Amāvasyā;11:01;9:41;20;Apr;2023;;;5:17;;20;Apr;2023;15;15;;;;;;;;Amāvasyā;8:32;7:11;;;;;;;;;;;;;;;;;;;;;;;;;;;;;;;;;;;;;
Madhusūdan;G;Pratipad;;8:45;21;Apr;2023;;;5:16;;21;Apr;2023;16;1;;;;;;;;Pratipad;;6:15;;;;;;;;;;;;;;;;;;;;;;;;;;;;;;;;;;;;;
;;Dvitīya;;8:16;22;Apr;2023;;;5:16;;22;Apr;2023;17;2;;;;;;;;Dvitīya;;5:46;;;;;;;;;;;;;;;;;;;;;;;;;;;;;;;;;;;;;
;;Tṛtīya;;8:19;23;Apr;2023;;;5:15;;23;Apr;2023;18;3;;;;;;;;Tṛtīya;;5:48;;;;;;;;;;;;;;;;;;;;;;;;;;;;;;;;;;;;;
;;Chaturthī;;8:53;24;Apr;2023;;;5:14;;24;Apr;2023;19;4;;;;;;;;Chaturthī;;6:22;;;;;;;;;;;;;;;;;;;;;;;;;;;;;;;;;;;;;
;;Pañchamī;;9:56;25;Apr;2023;;;5:13;;25;Apr;2023;20;5;;;;;;;;Pañchamī;;7:25;;;;;;;;;;;;;;;;;;;;;;;;;;;;;;;;;;;;;
;;Śaṣṭhī;;11:25;26;Apr;2023;;;5:13;;26;Apr;2023;21;6;;;;;;;;Śaṣṭhī;;8:55;;;;;;;;;;;;;;;;;;;;;;;;;;;;;;;;;;;;;
;;Saptamī;;13:14;27;Apr;2023;;;5:12;;27;Apr;2023;22;7;;;;;;;;Saptamī;;10:43;;;;;;;;;;;;;;;;;;;;;;;;;;;;;;;;;;;;;
;;Aṣṭamī;;15:16;28;Apr;2023;;;5:11;;28;Apr;2023;23;8;;;;;;;;Aṣṭamī;;12:45;;;;;;;;;;;;;;;;;;;;;;;;;;;;;;;;;;;;;
;;Navamī;;17:20;29;Apr;2023;;;5:11;;29;Apr;2023;24;9;;;;;;;;Navamī;;14:50;;;;;;;;;;;;;;;;;;;;;;;;;;;;;;;;;;;;;
;;Daśamī;;19:13;30;Apr;2023;;;5:10;;30;Apr;2023;25;11;;;;;;;;Daśamī;;16:43;;;;;;;;;;;;;;;;;;;;;;;;;;;;;;;;;;;;;
;;Ekādaśī;19:13;20:51;1;May;2023;;;5:09;;1;May;2023;26;12;;;;;;;;Ekādaśī;16:43;18:20;;;;;;;21:29;;;;;;;;;;;;;;;;;;;;;;;;;;;;;;
;;Dvādaśī;20:51;22:05;2;May;2023;;;5:09;18:01;2;May;2023;27;13;N;;;;;;;Dvādaśī;18:20;19:34;;;;;;21:29;21:29;;;;;;;;;;;;;;;;;;;;;;;;;;;;;;
;;Trayodaśī;22:05;22:51;3;May;2023;;;5:08;;3;May;2023;28;14;;;;;;;;Trayodaśī;19:34;20:21;;;;;;;;;;;;;;;;;;;;;;;;;;;;;;;;;;;;;
;;Chaturdaśī;;23:06;4;May;2023;;;5:07;;4;May;2023;29;15;;;;;;;;Chaturdaśī;;20:35;;;;;;;;;;;;;;;;;;;;;;;;;;;;;;;;;;;;;
;;Pūrṇimā;23:06;22:50;5;May;2023;;;5:06;;5;May;2023;;;;;;;;;;Pūrṇimā;20:35;20:19;;;;;;;;;;;;;;;;;;;;;;;;;;;;;;;;;;;;;
;;;;;;;;;;;;;;;;;;;;;;;;;;;;;;;;;;;;;;;;;;;;;;;;;;;;;;;;;;;;;;;
;;;;;;;;;;;;;;;;;;;;;;;;;;;;;;;;;;;;;;;;;;;;;;;;;;;;;;;;;;;;;;;
;;;UTC:;?;;;;;;;;;;;;;;;;;;;;;UTC:;?;;;;;;;;;;;;;;;;;;;;;;;;;;;;;;;;;;;;;
Mās;Pak;Tithi;Start;End;Date;Mon;Year;A;K;Srise;Sset;Date;Mon;Year;VD;RT;Nakṣatra;Start;End;Date;Mon;Year;Day;Tithi;Start;End;Date;Mon;Year;Day;;;;;;;;;;;;;;;;;;;;;;;;;;;;;;;;;0
Trivikram;K;Pratipad;;22:06;6;May;2023;;;5:05;;6;May;2020;1;1;;;;;;;;Pratipad;;19:36;;;;;;;;;;;;;;;;;;;;;;;;;;;;;;;;;;;;;
;;Dvitīya;;20:54;7;May;2023;;;5:05;;7;May;2020;2;2;;;;;;;;Dvitīya;;16:48;;;;;;;;;;;;;;;;;;;;;;;;;;;;;;;;;;;;;
;;Tṛtīya;;19:19;8;May;2023;;;5:05;;8;May;2020;3;3;;;;;;;;Tṛtīya;;14:55;;;;;;;;;;;;;;;;;;;;;;;;;;;;;;;;;;;;;
;;Chaturthī;;17:25;9;May;2023;;;5:04;;9;May;2020;4;4;;;;;;;;Chaturthī;;12:56;;;;;;;;;;;;;;;;;;;;;;;;;;;;;;;;;;;;;
;;Pañchamī;;15:26;10;May;2023;;;5:04;;10;May;2020;5;5;;;;;;;;Pañchamī;;12:56;;;;;;;;;;;;;;;;;;;;;;;;;;;;;;;;;;;;;
;;Śaṣṭhī;;12:56;11;May;2023;;;5:03;;11;May;2020;6;6;;;;;;;;Śaṣṭhī;;10:25;;;;;;;;;;;;;;;;;;;;;;;;;;;;;;;;;;;;;
;;Saptamī;;10:30;12;May;2023;;;5:03;;12;May;2020;7;7;;;;;;;;Saptamī;;7:59;;;;;;;;;;;;;;;;;;;;;;;;;;;;;;;;;;;;;
;;Aṣṭamī;;8:03;13;May;2023;;;5:02;;13;May;2020;8;8;;;;;;;;Aṣṭamī;;5:33;;;;;;;;;;;;;;;;;;;;;;;;;;;;;;;;;;;;;
;;Navamī;;5:40;14;May;2023;;;5:01;;14;May;2020;9;9;;;;;;;;Navamī;;3:09;;;;;;;;;;;;;;;;;;;;;;;;;;;;;;;;;;;;;
;;Daśamī;;3:25;15;May;2023;;;5:01;;15;May;2020;10;10;;;;;;;;Daśamī;;0:54;;;;;;;;;;;;;;;;;;;;;;;;;;;;;;;;;;;;;
;;Ekādaśī;3:25;1:23;16;May;2023;;;5:01;;16;May;2020;11;11;;;;;;;;Ekādaśī;0:54;22:52;;;;;;;;;;;;;;;;;;;;;;;;;;;;;;;;;;;;;
;;Dvādaśī;1:23;23:37;16;May;2023;;;5:01;18:07;17;May;2020;12;12;X;;;;;;;Dvādaśī;22:52;21:06;;;;;;;;;;;;;;;;;;;;;;;;;;;;;;;;;;;;;
;;Trayodaśī;23:37;22:18;17;May;2023;;;5:00;;18;May;2020;13;13;;;;;;;;Trayodaśī;21:06;19:48;;;;;;;;;;;;;;;;;;;;;;;;;;;;;;;;;;;;;
;;Chaturdaśī;;21:15;18;May;2023;;;4:59;;19;May;2020;14;14;;;;;;;;Chaturdaśī;;18:45;;;;;;;;;;;;;;;;;;;;;;;;;;;;;;;;;;;;;
;;Amāvasyā;21:15;20:45;19;May;2023;;;4:59;;22;May;2020;15;15;;;;;;;;Amāvasyā;18:45;18:15;;;;;;;;;;;;;;;;;;;;;;;;;;;;;;;;;;;;;
Trivikram;G;Pratipad;;20:44;20;May;2023;;;4:58;;23;May;2020;16;1;;;;;;;;Pratipad;;18:13;;;;;;;;;;;;;;;;;;;;;;;;;;;;;;;;;;;;;
;;Dvitīya;;21:15;21;May;2023;;;4:58;;24;May;2020;17;2;;;;;;;;Dvitīya;;18:45;;;;;;;;;;;;;;;;;;;;;;;;;;;;;;;;;;;;;
;;Tṛtīya;;22:16;22;May;2023;;;4:57;;25;May;2020;18;3;;;;;;;;Tṛtīya;;19:45;;;;;;;;;;;;;;;;;;;;;;;;;;;;;;;;;;;;;
;;Chaturthī;;23:42;23;May;2023;;;4:57;;26;May;2020;19;4;;;;;;;;Chaturthī;;21:11;;;;;;;;;;;;;;;;;;;;;;;;;;;;;;;;;;;;;
;;Pañchamī;;1:28;25;May;2023;;;4:57;;27;May;2020;20;5;;;;;;;;Pañchamī;;22:57;;;;;;;;;;;;;;;;;;;;;;;;;;;;;;;;;;;;;
;;Śaṣṭhī;;3:28;26;May;2023;;;4:57;;28;May;2020;21;6;;;;;;;;Śaṣṭhī;;0:58;;;;;;;;;;;;;;;;;;;;;;;;;;;;;;;;;;;;;
;;Saptamī;;5:31;27;May;2023;A;;4:56;;29;May;2020;22;7;;;;;;;;Saptamī;;3:00;;;;;;;;;;;;;;;;;;;;;;;;;;;;;;;;;;;;;
;;Aṣṭamī;;7:25;28;May;2023;;;4:56;;30;May;2020;23;8;;;;;;;;Aṣṭamī;;4:54;;;;;;;;;;;;;;;;;;;;;;;;;;;;;;;;;;;;;
;;Navamī;;9:03;29;May;2023;;;4:56;;31;May;2020;24;9;;;;;;;;Navamī;;6:33;;;;;;;;;;;;;;;;;;;;;;;;;;;;;;;;;;;;;
;;Daśamī;;10:17;30;May;2023;;;4:56;;1;Jun;2020;25;10;;;;;;;;Daśamī;;7:47;;;;;;;;;;;;;;;;;;;;;;;;;;;;;;;;;;;;;
;;Ekādaśī;10:17;11:03;31;May;2023;;;4:56;;2;Jun;2020;26;11;;;;;;;;Ekādaśī;7:47;8:33;;;;;;;0:00;;;;;;;;;;;;;;;;;;;;;;;;;;;;;;
;;Dvādaśī;11:03;11:18;1;Jun;2023;;;4:56;18:14;3;Jun;2020;27;12;N;;;;;;;Dvādaśī;8:33;8:48;;;;;;0:00;0:00;;;;;;;;;;;;;;;;;;;;;;;;;;;;;;
;;Trayodaśī;11:18;11:03;2;Jun;2023;;;4:56;;4;Jun;2020;28;13;;;;;;;;Trayodaśī;8:48;8:33;;;;;;;;;;;;;;;;;;;;;;;;;;;;;;;;;;;;;
;;Chaturdaśī;;10:18;3;Jun;2023;;;4:56;;5;Jun;2020;29;15;;;;;;;;Chaturdaśī;;7:48;;;;;;;;;;;;;;;;;;;;;;;;;;;;;;;;;;;;;
;;Pūrṇimā;10:18;9:06;4;Jun;2023;;;4:56;;;;;;;;;;;;;;Pūrṇimā;7:48;6:36;;;;;;;;;;;;;;;;;;;;;;;;;;;;;;;;;;;;;
;;;;;;;;;;;;;;;;;;;;;;;;;;;;;;;;;;;;;;;;;;;;;;;;;;;;;;;;;;;;;;;
;;;;;;;;;;;;;;;;;;;;;;;;;;;;;;;;;;;;;;;;;;;;;;;;;;;;;;;;;;;;;;;
;;;UTC:;?;;;;;;;;;;;;;;;;;;;;;UTC:;?;;;;;;;;;;;;;;;;;;;;;;;;;;;;;;;;;;;;;
Mās;Pak;Tithi;Start;End;Date;Mon;Year;A;K;Srise;Sset;Date;Mon;Year;VD;RT;Nakṣatra;Start;End;Date;Mon;Year;Day;Tithi;Start;End;Date;Mon;Year;Day;;;;;;;;;;;;;;;;;;;;;;;;;;;;;;;;;0
Vāman;K;Pratipad;;7:31;5;Jun;2023;;;4:56;;6;Jun;2020;1;1;;;;;;;;Pratipad;;5:01;;;;;;;;;;;;;;;;;;;;;;;;;;;;;;;;;;;;;
;;Dvitīya;;5:37;6;Jun;2023;;;4:56;;7;Jun;2020;2;2;;;;;;;;Dvitīya;;3:06;;;;;;;;;;;;;;;;;;;;;;;;;;;;;;;;;;;;;
;;Tṛtīya;;3:27;7;Jun;2023;;K;4:56;;8;Jun;2020;3;3;;;;;;;;Tṛtīya;;0:56;;;;;;;;;;;;;;;;;;;;;;;;;;;;;;;;;;;;;
;;Chaturthī;;1:07;8;Jun;2023;;;4:56;;9;Jun;2020;4;4;;;;;;;;Chaturthī;;22:36;;;;;;;;;;;;;;;;;;;;;;;;;;;;;;;;;;;;;
;;Pañchamī;;22:41;8;Jun;2023;;;4:56;;10;Jun;2020;5;5;;;;;;;;Pañchamī;;20:10;;;;;;;;;;;;;;;;;;;;;;;;;;;;;;;;;;;;;
;;Śaṣṭhī;;20:12;9;Jun;2023;;;4:56;;11;Jun;2020;6;6;;;;;;;;Śaṣṭhī;;17:42;;;;;;;;;;;;;;;;;;;;;;;;;;;;;;;;;;;;;
;;Saptamī;;17:47;10;Jun;2023;;;4:56;;12;Jun;2020;7;7;;;;;;;;Saptamī;;15:17;;;;;;;;;;;;;;;;;;;;;;;;;;;;;;;;;;;;;
;;Aṣṭamī;;15:31;11;Jun;2023;;;4:56;;13;Jun;2020;8;8;;;;;;;;Aṣṭamī;;13:00;;;;;;;;;;;;;;;;;;;;;;;;;;;;;;;;;;;;;
;;Navamī;;13:27;12;Jun;2023;;;4:56;;14;Jun;2020;9;9;;;;;;;;Navamī;;10:57;;;;;;;;;;;;;;;;;;;;;;;;;;;;;;;;;;;;;
;;Daśamī;;11:40;13;Jun;2023;;;4:56;;15;Jun;2020;10;10;;;;;;;;Daśamī;;9:09;;;;;;;;;;;;;;;;;;;;;;;;;;;;;;;;;;;;;
;;Ekādaśī;11:40;10:15;14;Jun;2023;;;4:56;;16;Jun;2020;11;10;;;;;;;;Ekādaśī;9:09;7:45;;;;;;;;;;;;;;;;;;;;;;;;;;;;;;;;;;;;;
;;Dvādaśī;10:15;9:13;15;Jun;2023;;;4:56;18:20;17;Jun;2020;12;11;X;;;;;;;Dvādaśī;7:45;6:42;;;;;;;;;;;;;;;;;;;;;;;;;;;;;;;;;;;;;
;;Trayodaśī;9:13;8:40;16;Jun;2023;;;4:56;18:21;18;Jun;2020;13;12;;;;;;;;Trayodaśī;6:42;6:09;;;;;;;;;;;;;;;;;;;;;;;;;;;;;;;;;;;;;
;;Chaturdaśī;;8:37;17;Jun;2023;;;4:56;;19;Jun;2020;14;13;;;;;;;;Chaturdaśī;;6:06;;;;;;;;;;;;;;;;;;;;;;;;;;;;;;;;;;;;;
;;Amāvasyā;8:37;9:05;18;Jun;2023;;;4:56;;20;Jun;2020;15;14;;;;;;;;Amāvasyā;6:06;6:35;;;;;;;;;;;;;;;;;;;;;;;;;;;;;;;;;;;;;
Vāman;G;Pratipad;;9:59;19;Jun;2023;;;4:56;;21;Jun;2020;16;15;Eclipse;;;;;;;Pratipad;;7:29;;;;;;;;;;;;;;;;;;;;;;;;;;;;;;;;;;;;;
;;Dvitīya;;11:27;20;Jun;2023;;;4:56;;22;Jun;2020;17;1;;;;;;;;Dvitīya;;8:57;;;;;;;;;;;;;;;;;;;;;;;;;;;;;;;;;;;;;
;;Tṛtīya;;13:11;21;Jun;2023;;;4:56;;23;Jun;2020;18;2;;;;;;;;Tṛtīya;;10:41;;;;;;;;;;;;;;;;;;;;;;;;;;;;;;;;;;;;;
;;Chaturthī;;15:08;22;Jun;2023;;;4:56;;24;Jun;2020;19;3;;;;;;;;Chaturthī;;12:38;;;;;;;;;;;;;;;;;;;;;;;;;;;;;;;;;;;;;
;;Pañchamī;;17:10;23;Jun;2023;;;4:56;;25;Jun;2020;20;4;;;;;;;;Pañchamī;;14:39;;;;;;;;;;;;;;;;;;;;;;;;;;;;;;;;;;;;;
;;Śaṣṭhī;;19:04;24;Jun;2023;;;4:56;;26;Jun;2020;21;5;;;;;;;;Śaṣṭhī;;16:34;;;;;;;;;;;;;;;;;;;;;;;;;;;;;;;;;;;;;
;;Saptamī;;20:43;25;Jun;2023;;;4:56;;27;Jun;2020;22;7;;;;;;;;Saptamī;;18:13;;;;;;;;;;;;;;;;;;;;;;;;;;;;;;;;;;;;;
;;Aṣṭamī;;21:58;26;Jun;2023;;;4:57;;28;Jun;2020;23;8;;;;;;;;Aṣṭamī;;19:27;;;;;;;;;;;;;;;;;;;;;;;;;;;;;;;;;;;;;
;;Navamī;;22:47;27;Jun;2023;;;4:57;;29;Jun;2020;24;9;;;;;;;;Navamī;;20:17;;;;;;;;;;;;;;;;;;;;;;;;;;;;;;;;;;;;;
;;Daśamī;;23:03;28;Jun;2023;;;4:58;;30;Jun;2020;25;10;;;;;;;;Daśamī;;20:33;;;;;;;;;;;;;;;;;;;;;;;;;;;;;;;;;;;;;
;;Ekādaśī;23:03;22:49;29;Jun;2023;;;4:58;;1;Jul;2020;26;11;;;;;;;;Ekādaśī;20:33;20:19;;;;;;;21:29;;;;;;;;;;;;;;;;;;;;;;;;;;;;;;
;;Dvādaśī;22:49;22:06;30;Jun;2023;;;4:58;18:24;2;Jul;2020;27;12;;;;;;;;Dvādaśī;20:19;19:36;;;;;;21:29;21:29;;;;;;;;;;;;;;;;;;;;;;;;;;;;;;
;;Trayodaśī;22:06;20:56;1;Jul;2023;;;4:59;;3;Jul;2020;28;13;;;;;;;;Trayodaśī;19:36;18:26;;;;;;;;;;;;;;;;;;;;;;;;;;;;;;;;;;;;;
;;Chaturdaśī;;19:22;2;Jul;2023;;;4:59;;4;Jul;2020;29;14;;;;;;;;Chaturdaśī;;16:52;;;;;;;;;;;;;;;;;;;;;;;;;;;;;;;;;;;;;
;;Pūrṇimā;19:21;17:28;3;Jul;2023;;;5:00;;5;Jul;2020;30;15;;;;;;;;Pūrṇimā;16:52;14:57;;;;;;;;;;;;;;;;;;;;;;;;;;;;;;;;;;;;;
;;;;;;;;;;;;;;;;;;;;;;;;;;;;;;;;;;;;;;;;;;;;;;;;;;;;;;;;;;;;;;;
;;;;;;;;;;;;;;;;;;;;;;;;;;;;;;;;;;;;;;;;;;;;;;;;;;;;;;;;;;;;;;;
;;;UTC:;?;;;;;;;;;;;;;;;;;;;;;UTC:;?;;;;;;;;;;;;;;;;;;;;;;;;;;;;;;;;;;;;;
Mās;Pak;Tithi;Start;End;Date;Mon;Year;A;K;Srise;Sset;Date;Mon;Year;VD;RT;Nakṣatra;Start;End;Date;Mon;Year;Day;Tithi;Start;End;Date;Mon;Year;Day;;;;;;;;;;;;;;;;;;;;;;;;;;;;;;;;;0
Śrīdhar;K;Pratipad;;15:19;4;Jul;2023;;;5:00;;6;Jul;2020;1;1;;;;;;;;Pratipad;;12:49;;;;;;;;;;;;;;;;;;;;;;;;;;;;;;;;;;;;;
;;Dvitīya;;12:59;5;Jul;2023;;;5:00;;7;Jul;2020;2;2;;;;;;;;Dvitīya;;10:29;;;;;;;;;;;;;;;;;;;;;;;;;;;;;;;;;;;;;
;;Tṛtīya;;10:32;6;Jul;2023;;;5:01;;8;Jul;2020;3;3;;;;;;;;Tṛtīya;;2:30;;;;;;;;;;;;;;;;;;;;;;;;;;;;;;;;;;;;;
;;Chaturthī;;8:03;7;Jul;2023;;;5:01;;9;Jul;2020;4;4;;;;;;;;Chaturthī;;5:33;;;;;;;;;;;;;;;;;;;;;;;;;;;;;;;;;;;;;
;;Pañchamī;;5:37;8;Jul;2023;;;5:02;;10;Jul;2020;5;5;;;;;;;;Pañchamī;;3:06;;;;;;;;;;;;;;;;;;;;;;;;;;;;;;;;;;;;;
;;Śaṣṭhī;;3:19;9;Jul;2023;;;5:02;;11;Jul;2020;6;6;;;;;;;;Śaṣṭhī;;0:49;;;;;;;;;;;;;;;;;;;;;;;;;;;;;;;;;;;;;
;;Saptamī;;1:14;10;Jul;2023;;;5:02;;12;Jul;2020;7;7;;;;;;;;Saptamī;;22:43;;;;;;;;;;;;;;;;;;;;;;;;;;;;;;;;;;;;;
;;Aṣṭamī;;23:24;10;Jul;2023;;;5:02;;13;Jul;2020;8;8;;;;;;;;Aṣṭamī;;20:53;;;;;;;;;;;;;;;;;;;;;;;;;;;;;;;;;;;;;
;;Navamī;;21:57;11;Jul;2023;;;5:03;;14;Jul;2020;9;9;;;;;;;;Navamī;;19:27;;;;;;;;;;;;;;;;;;;;;;;;;;;;;;;;;;;;;
;;Daśamī;;20:45;12;Jul;2023;;;5:03;;15;Jul;2020;10;10;;;;;;;;Daśamī;;18:15;;;;;;;;;;;;;;;;;;;;;;;;;;;;;;;;;;;;;
;;Ekādaśī;20:45;20:18;13;Jul;2023;;;5:03;;16;Jul;2020;11;11;;;;;;;;Ekādaśī;18:15;17:48;;;;;;;;;;;;;;;;;;;;;;;;;;;;;;;;;;;;;
;;Dvādaśī;20:18;20:13;14;Jul;2023;;;5:04;18:23;17;Jul;2020;12;12;X;;;;;;;Dvādaśī;17:48;17:42;;;;;;;;;;;;;;;;;;;;;;;;;;;;;;;;;;;;;
;;Trayodaśī;20:13;20:39;15;Jul;2023;;;5:04;;18;Jul;2020;13;13;;;;;;;;Trayodaśī;17:42;18:09;;;;;;;;;;;;;;;;;;;;;;;;;;;;;;;;;;;;;
;;Chaturdaśī;;21:34;16;Jul;2023;;;5:04;;19;Jul;2020;14;14;;;;;;;;Chaturdaśī;;19:03;;;;;;;;;;;;;;;;;;;;;;;;;;;;;;;;;;;;;
;;Amāvasyā;21:33;22:56;17;Jul;2023;;;5:05;;20;Jul;2020;15;15;;;;;;;;Amāvasyā;19:03;20:26;;;;;;;;;;;;;;;;;;;;;;;;;;;;;;;;;;;;;
Purushottam;G;Pratipad;;0:39;19;Jul;2023;;;5:05;;21;Jul;2020;16;1;;;;;;;;Pratipad;;22:09;;;;;;;;;;;;;;;;;;;;;;;;;;;;;;;;;;;;;
;;Dvitīya;;2:36;20;Jul;2023;;;5:05;;22;Jul;2020;17;2;;;;;;;;Dvitīya;;0:06;;;;;;;;;;;;;;;;;;;;;;;;;;;;;;;;;;;;;
;;Tṛtīya;;4:38;21;Jul;2023;;;5:05;;23;Jul;2020;18;3;;;;;;;;Tṛtīya;;2:08;;;;;;;;;;;;;;;;;;;;;;;;;;;;;;;;;;;;;
;;Chaturthī;;6:32;22;Jul;2023;A;;5:06;;24;Jul;2020;19;4;;;;;;;;Chaturthī;;4:02;;;;;;;;;;;;;;;;;;;;;;;;;;;;;;;;;;;;;
;;Pañchamī;;8:12;23;Jul;2023;;;5:06;;25;Jul;2020;20;5;;;;;;;;Pañchamī;;5:42;;;;;;;;;;;;;;;;;;;;;;;;;;;;;;;;;;;;;
;;Śaṣṭhī;;9:28;24;Jul;2023;;;5:07;;26;Jul;2020;21;6;;;;;;;;Śaṣṭhī;;6:58;;;;;;;;;;;;;;;;;;;;;;;;;;;;;;;;;;;;;
;;Saptamī;;10:19;25;Jul;2023;;;5:07;;27;Jul;2020;22;7;;;;;;;;Saptamī;;7:48;;;;;;;;;;;;;;;;;;;;;;;;;;;;;;;;;;;;;
;;Aṣṭamī;;10:38;26;Jul;2023;;;5:07;;28;Jul;2020;23;8;;;;;;;;Aṣṭamī;;8:08;;;;;;;;;;;;;;;;;;;;;;;;;;;;;;;;;;;;;
;;Navamī;;10:26;27;Jul;2023;;;5:08;;29;Jul;2020;24;10;;;;;;;;Navamī;;7:56;;;;;;;;;;;;;;;;;;;;;;;;;;;;;;;;;;;;;
;;Daśamī;;9:46;28;Jul;2023;;;5:08;;30;Jul;2020;25;11;;;;;;;;Daśamī;;7:16;;;;;;;;;;;;;;;;;;;;;;;;;;;;;;;;;;;;;
;;Ekādaśī;9:46;8:38;29;Jul;2023;;;5:09;;31;Jul;2020;26;12;;;;;;;;Ekādaśī;7:16;6:08;;;;;;;21:29;;;;;;;;;;;;;;;;;;;;;;;;;;;;;;
;;Dvādaśī;8:38;7:06;30;Jul;2023;;;5:09;18:18;1;Aug;2020;27;13;N;;;;;;;Dvādaśī;6:08;4:36;;;;;;21:29;21:29;;;;;;;;;;;;;;;;;;;;;;;;;;;;;;
;;Trayodaśī;7:06;5:13;31;Jul;2023;;;5:10;;2;Aug;2020;28;14;;;;;;;;Trayodaśī;4:36;2:42;;;;;;;;;;;;;;;;;;;;;;;;;;;;;;;;;;;;;
;;Chaturdaśī;;3:05;1;Aug;2023;;;5:10;;3;Aug;2020;29;15;;;;;;;;Chaturdaśī;;0:35;;;;;;;;;;;;;;;;;;;;;;;;;;;;;;;;;;;;;
;;Pūrṇimā;3:04;0:46;2;Aug;2023;;;5:10;;;;;;;;;;;;;;Pūrṇimā;0:35;22:16;;;;;;;;;;;;;;;;;;;;;;;;;;;;;;;;;;;;;
;;;;;;;;;;;;;;;;;;;;;;;;;;;;;;;;;;;;;;;;;;;;;;;;;;;;;;;;;;;;;;;
;;;;;;;;;;;;;;;;;;;;;;;;;;;;;;;;;;;;;;;;;;;;;;;;;;;;;;;;;;;;;;;
;;;UTC:;?;;;;;;;;;;;;;;;;;;;;;UTC:;?;;;;;;;;;;;;;;;;;;;;;;;;;;;;;;;;;;;;;
Mās;Pak;Tithi;Start;End;Date;Mon;Year;A;K;Srise;Sset;Date;Mon;Year;VD;RT;Nakṣatra;Start;End;Date;Mon;Year;Day;Tithi;Start;End;Date;Mon;Year;Day;;;;;;;;;;;;;;;;;;;;;;;;;;;;;;;;;0
Purushottam;K;Pratipad;;22:20;2;Aug;2023;;;5:11;;4;Aug;2020;1;1;;;;;;;;Pratipad;;19:50;;;;;;;;;;;;;;;;;;;;;;;;;;;;;;;;;;;;;
;;Dvitīya;;19:51;3;Aug;2023;;;5:11;;5;Aug;2020;2;2;;;;;;;;Dvitīya;;17:21;;;;;;;;;;;;;;;;;;;;;;;;;;;;;;;;;;;;;
;;Tṛtīya;;17:26;4;Aug;2023;;;5:12;;6;Aug;2020;3;3;;;;;;;;Tṛtīya;;14:55;;;;;;;;;;;;;;;;;;;;;;;;;;;;;;;;;;;;;
;;Chaturthī;;15:08;5;Aug;2023;;;5:12;;7;Aug;2020;4;4;;;;;;;;Chaturthī;;12:38;;;;;;;;;;;;;;;;;;;;;;;;;;;;;;;;;;;;;
;;Pañchamī;;13:02;6;Aug;2023;;;5:13;;8;Aug;2020;5;5;;;;;;;;Pañchamī;;10:32;;;;;;;;;;;;;;;;;;;;;;;;;;;;;;;;;;;;;
;;Śaṣṭhī;;11:12;7;Aug;2023;;;5:13;;9;Aug;2020;6;6;;;;;;;;Śaṣṭhī;;8:42;;;;;;;;;;;;;;;;;;;;;;;;;;;;;;;;;;;;;
;;Saptamī;;9:43;8;Aug;2023;;;5:13;;10;Aug;2020;7;7;;;;;;;;Saptamī;;7:12;;;;;;;;;;;;;;;;;;;;;;;;;;;;;;;;;;;;;
;;Aṣṭamī;;8:38;9;Aug;2023;;;5:14;;11;Aug;2020;8;7;;;;;;;;Aṣṭamī;;6:08;;;;;;;;;;;;;;;;;;;;;;;;;;;;;;;;;;;;;
;;Navamī;;8:01;10;Aug;2023;;;5:14;;12;Aug;2020;9;8;;;;;;;;Navamī;;5:30;;;;;;;;;;;;;;;;;;;;;;;;;;;;;;;;;;;;;
;;Daśamī;;7:55;11;Aug;2023;;;5:15;;13;Aug;2020;10;9;;;;;;;;Daśamī;;5:24;;;;;;;;;;;;;;;;;;;;;;;;;;;;;;;;;;;;;
;;Ekādaśī;7:55;8:19;12;Aug;2023;;;5:15;;14;Aug;2020;11;10;;;;;;;;Ekādaśī;5:24;5:48;;;;;;;;;;;;;;;;;;;;;;;;;;;;;;;;;;;;;
;;Dvādaśī;8:19;9:14;13;Aug;2023;;;5:15;18:09;15;Aug;2020;12;11;X;;;;;;;Dvādaśī;5:48;6:44;;;;;;;;;;;;;;;;;;;;;;;;;;;;;;;;;;;;;
;;Trayodaśī;9:14;10:35;14;Aug;2023;;;5:16;18:09;16;Aug;2020;13;12;;;;;;;;Trayodaśī;6:44;8:05;;;;;;;;;;;;;;;;;;;;;;;;;;;;;;;;;;;;;
;;Chaturdaśī;;12:18;15;Aug;2023;;;5:16;;17;Aug;2020;14;13;;;;;;;;Chaturdaśī;;9:47;;;;;;;;;;;;;;;;;;;;;;;;;;;;;;;;;;;;;
;;Amāvasyā;12:18;14:15;16;Aug;2023;;;5:16;;18;Aug;2020;15;14;;;;;;;;Amāvasyā;9:47;11:44;;;;;;;;;;;;;;;;;;;;;;;;;;;;;;;;;;;;;
Śrīdhar;G;Pratipad;;16:18;17;Aug;2023;;;5:17;;19;Aug;2020;16;15;;;;;;;;Pratipad;;13:48;;;;;;;;;;;;;;;;;;;;;;;;;;;;;;;;;;;;;
;;Dvitīya;;18:14;18;Aug;2023;;;5:17;;20;Aug;2020;17;1;;;;;;;;Dvitīya;;15:44;;;;;;;;;;;;;;;;;;;;;;;;;;;;;;;;;;;;;
;;Tṛtīya;;19:56;19;Aug;2023;;;5:18;;21;Aug;2020;18;3;;;;;;;;Tṛtīya;;17:26;;;;;;;;;;;;;;;;;;;;;;;;;;;;;;;;;;;;;
;;Chaturthī;;21:14;20;Aug;2023;;;5:18;;22;Aug;2020;19;4;;;;;;;;Chaturthī;;18:44;;;;;;;;;;;;;;;;;;;;;;;;;;;;;;;;;;;;;
;;Pañchamī;;22:07;21;Aug;2023;;;5:18;;23;Aug;2020;20;5;;;;;;;;Pañchamī;;19:36;;;;;;;;;;;;;;;;;;;;;;;;;;;;;;;;;;;;;
;;Śaṣṭhī;;22:29;22;Aug;2023;;;5:18;;24;Aug;2020;21;6;;;;;;;;Śaṣṭhī;;19:59;;;;;;;;;;;;;;;;;;;;;;;;;;;;;;;;;;;;;
;;Saptamī;;22:20;23;Aug;2023;;;5:19;;25;Aug;2020;22;7;;;;;;;;Saptamī;;19:50;;;;;;;;;;;;;;;;;;;;;;;;;;;;;;;;;;;;;
;;Aṣṭamī;;21:41;24;Aug;2023;;;5:19;;26;Aug;2020;23;8;;;;;;;;Aṣṭamī;;19:11;;;;;;;;;;;;;;;;;;;;;;;;;;;;;;;;;;;;;
;;Navamī;;20:35;25;Aug;2023;;;5:19;;27;Aug;2020;24;9;;;;;;;;Navamī;;18:04;;;;;;;;;;;;;;;;;;;;;;;;;;;;;;;;;;;;;
;;Daśamī;;19:05;26;Aug;2023;;;5:19;;28;Aug;2020;25;10;;;;;;;;Daśamī;;16:34;;;;;;;;;;;;;;;;;;;;;;;;;;;;;;;;;;;;;
;;Ekādaśī;19:05;17:15;27;Aug;2023;;;5:20;17:59;29;Aug;2020;26;11;Śravaṇā;1:13;23:38;;;;;Ekādaśī;16:34;14:44;;;;;;;21:08;;;;;;;;;;;;;;;;;;;;;;;;;;;;;;
;;Dvādaśī;17:15;15:09;28;Aug;2023;;;5:20;17:58;30;Aug;2020;27;12;;;;;;;;Dvādaśī;14:44;12:38;;;;;;21:08;21:29;;;;;;;;;;;;;;;;;;;;;;;;;;;;;;
;;Trayodaśī;15:09;12:52;29;Aug;2023;;;5:21;;31;Aug;2020;28;13;;;;;;;28;Trayodaśī;12:38;10:21;;;;;;;;;;;;;;;;;;;;;;;;;;;;;;;;;;;;;
;;Chaturdaśī;;10:27;30;Aug;2023;;;5:21;;1;Sep;2020;29;14;;;;;;;;Chaturdaśī;;7:57;;;;;;;;;;;;;;;;;;;;;;;;;;;;;;;;;;;;;
;;Pūrṇimā;10:27;7:59;31;Aug;2023;;;5:21;;2;Sep;2020;30;15;;;;;;;;Pūrṇimā;7:57;5:28;;;;;;;;;;;;;;;;;;;;;;;;;;;;;;;;;;;;;
;;;;;;;;;;;;;;;;;;;;;;;;;;;;;;;;;;;;;;;;;;;;;;;;;;;;;;;;;;;;;;;
;;;;;;;;;;;;;;;;;;;;;;;;;;;;;;;;;;;;;;;;;;;;;;;;;;;;;;;;;;;;;;;
;;;UTC:;?;;;;;;;;;;;;;;;;;;;;;UTC:;?;;;;;;;;;;;;;;;;;;;;;;;;;;;;;;;;;;;;;
Mās;Pak;Tithi;Start;End;Date;Mon;Year;;VD;Srise;Sset;Date;Mon;Year;VD;RT;Nakṣatra;Start;End;Date;Mon;Year;Day;Tithi;Start;End;Date;Mon;Year;Day;;;;;;;;;;;;;;;;;;;;;;;;;;;;;;;;;0
Hṛṣīkeś;K;Pratipad;;5:35;1;Sep;2023;;;5:22;;3;Sep;2020;1;1;;;;;;;;Pratipad;;3:04;;;;;;;;;;;;;;;;;;;;;;;;;;;;;;;;;;;;;
;;Dvitīya;;3:17;2;Sep;2023;;;5:22;;4;Sep;2020;2;2;;;;;;;;Dvitīya;;0:47;;;;;;;;;;;;;;;;;;;;;;;;;;;;;;;;;;;;;
;;Tṛtīya;;1:11;3;Sep;2023;;;5:23;;5;Sep;2020;3;3;;;;;;;;Tṛtīya;;22:41;;;;;;;;;;;;;;;;;;;;;;;;;;;;;;;;;;;;;
;;Chaturthī;;23:22;3;Sep;2023;;;5:23;;6;Sep;2020;4;4;;;;;;;;Chaturthī;;20:51;;;;;;;;;;;;;;;;;;;;;;;;;;;;;;;;;;;;;
;;Pañchamī;;21:54;4;Sep;2023;;;5:23;;7;Sep;2020;5;5;;;;;;;;Pañchamī;;19:23;;;;;;;;;;;;;;;;;;;;;;;;;;;;;;;;;;;;;
;;Śaṣṭhī;;21:49;5;Sep;2023;;;5:23;;8;Sep;2020;6;6;;;;;;;;Śaṣṭhī;;19:18;;;;;;;;;;;;;;;;;;;;;;;;;;;;;;;;;;;;;
;;Saptamī;;20:12;6;Sep;2023;;;5:24;;9;Sep;2020;7;7;;;;;;;;Saptamī;;17:42;;;;;;;;;;;;;;;;;;;;;;;;;;;;;;;;;;;;;
;;Aṣṭamī;;20:05;7;Sep;2023;;;5:24;;10;Sep;2020;8;8;;;;;;;;Aṣṭamī;;17:35;;;;;;;;;;;;;;;;;;;;;;;;;;;;;;;;;;;;;
;;Navamī;;20:28;8;Sep;2023;;;5:24;;11;Sep;2020;9;9;;;;;;;;Navamī;;17:57;;;;;;;;;;;;;;;;;;;;;;;;;;;;;;;;;;;;;
;;Daśamī;;21:23;9;Sep;2023;;;5:25;;12;Sep;2020;10;10;;;;;;;;Daśamī;;18:53;;;;;;;;;;;;;;;;;;;;;;;;;;;;;;;;;;;;;
;;Ekādaśī;21:23;22:45;10;Sep;2023;;;5:25;;13;Sep;2020;11;11;;;;;;;;Ekādaśī;18:53;20:15;;;;;;;;;;;;;;;;;;;;;;;;;;;;;;;;;;;;;
;;Dvādaśī;22:45;0:29;12;Sep;2023;;;5:25;17:44;14;Sep;2020;12;12;X;;;;;;;Dvādaśī;20:15;21:58;;;;;;;;;;;;;;;;;;;;;;;;;;;;;;;;;;;;;
;;Trayodaśī;0:29;2:28;13;Sep;2023;;;5:25;;15;Sep;2020;13;13;;;;;;;;Trayodaśī;21:58;23:57;;;;;;;;;;;;;;;;;;;;;;;;;;;;;;;;;;;;;
;;Chaturdaśī;;4:52;14;Sep;2023;;;5:26;;16;Sep;2020;14;14;;;;;;;;Chaturdaśī;;2:21;;;;;;;;;;;;;;;;;;;;;;;;;;;;;;;;;;;;;
;;Amāvasyā;4:52;6:30;15;Sep;2023;A;;5:26;;17;Sep;2020;15;15;;;;;;;;Amāvasyā;2:21;4:00;;;;;;;;;;;;;;;;;;;;;;;;;;;;;;;;;;;;;
Hṛṣīkeś;G;Pratipad;;8:15;16;Sep;2023;;;5:27;;18;Sep;2020;16;1;;;;;;;;Pratipad;;5:44;;;;;;;;;;;;;;;;;;;;;;;;;;;;;;;;;;;;;
;;Dvitīya;;9:36;17;Sep;2023;;;5:27;;19;Sep;2020;17;2;;;;;;;;Dvitīya;;#REF!;;;;;;;;;;;;;;;;;;;;;;;;;;;;;;;;;;;;;
;;Tṛtīya;;10:32;18;Sep;2023;;;5:27;;20;Sep;2020;18;3;;;;;;;;Tṛtīya;;8:01;;;;;;;;;;;;;;;;;;;;;;;;;;;;;;;;;;;;;
;;Chaturthī;;10:56;19;Sep;2023;;;5:28;;21;Sep;2020;19;4;;;;;;;;Chaturthī;;8:26;;;;;;;;;;;;;;;;;;;;;;;;;;;;;;;;;;;;;
;;Pañchamī;;10:49;20;Sep;2023;;;5:28;;22;Sep;2020;20;6;;;;;;;;Pañchamī;;8:19;;;;;;;;;;;;;;;;;;;;;;;;;;;;;;;;;;;;;
;;Śaṣṭhī;;10:13;21;Sep;2023;;;5:28;;23;Sep;2020;21;7;;;;;;;;Śaṣṭhī;;7:43;;;;;;;;;;;;;;;;;;;;;;;;;;;;;;;;;;;;;
;;Saptamī;;9:10;22;Sep;2023;;;5:29;;24;Sep;2020;22;8;;;;;;;;Saptamī;;6:40;;;;;;;;;;;;;;;;;;;;;;;;;;;;;;;;;;;;;
;;Aṣṭamī;;7:30;23;Sep;2023;;;5:29;;25;Sep;2020;23;9;;;;;;;;Aṣṭamī;;4:59;;;;;;;;;;;;;;;;;;;;;;;;;;;;;;;;;;;;;
;;Navamī;;5:52;24;Sep;2023;;;5:29;;26;Sep;2020;24;10;;;;;;;;Navamī;;3:22;;;;;;;;;;;;;;;;;;;;;;;;;;;;;;;;;;;;;
;;Daśamī;;3:49;25;Sep;2023;;;5:29;;27;Sep;2020;25;11;;;;;;;;Daśamī;;1:18;;;;;;;;;;;;;;;;;;;;;;;;;;;;;;;;;;;;;
;;Ekādaśī;3:49;1:33;26;Sep;2023;;;5:30;17:29;28;Sep;2020;26;12;Śravaṇā;9:14;7:41;;;;;Ekādaśī;1:18;23:03;;;;;;;5:10;;;;;;;;;;;;;;;;;;;;;;;;;;;;;;
;;Dvādaśī;1:33;23:10;26;Sep;2023;;;5:30;;29;Sep;2020;27;13;;;;;;;;Dvādaśī;23:03;20:39;;;;;;5:10;21:29;;;;;;;;;;;;;;;;;;;;;;;;;;;;;;
;;Trayodaśī;23:10;20:44;27;Sep;2023;;;5:30;;30;Sep;2020;28;14;;;;;;;;Trayodaśī;20:39;18:13;;;;;;;;;;;;;;;;;;;;;;;;;;;;;;;;;;;;;
;;Chaturdaśī;;18:45;28;Sep;2023;;;5:31;;1;Oct;2020;29;15;;;;;;;;Chaturdaśī;;16:14;;;;;;;;;;;;;;;;;;;;;;;;;;;;;;;;;;;;;
;;Pūrṇimā;18:45;1:30;29;Sep;2023;;;5:31;;;;;;;;;;;;;;Pūrṇimā;16:14;22:59;;;;;;;;;;;;;;;;;;;;;;;;;;;;;;;;;;;;;
;;;;;;;;;;;;;;;;;;;;;;;;;;;;;;;;;;;;;;;;;;;;;;;;;;;;;;;;;;;;;;;
;;;;;;;;;;;;;;;;;;;;;;;;;;;;;;;;;;;;;;;;;;;;;;;;;;;;;;;;;;;;;;;
;;;UTC:;?;;;;;;;;;;;;;;;;;;;;;UTC:;?;;;;;;;;;;;;;;;;;;;;;;;;;;;;;;;;;;;;;
Mās;Pak;Tithi;Start;End;Date;Mon;Year;A;K;Srise;Sset;Date;Mon;Year;VD;RT;Nakṣatra;Start;End;Date;Mon;Year;Day;Tithi;Start;End;Date;Mon;Year;Day;;;;;;;;;;;;;;;;;;;;;;;;;;;;;;;;;0
Padmanābha;K;Pratipad;;14:01;30;Sep;2023;;;5:31;;2;Oct;2020;1;1;;;;;;;;Pratipad;;11:30;;;;;;;;;;;;;;;;;;;;;;;;;;;;;;;;;;;;;
;;Dvitīya;;12:13;1;Oct;2023;;;5:32;;3;Oct;2020;2;2;;;;;;;;Dvitīya;;9:42;;;;;;;;;;;;;;;;;;;;;;;;;;;;;;;;;;;;;
;;Tṛtīya;;10:46;2;Oct;2023;;;5:32;;4;Oct;2020;3;3;;;;;;;;Tṛtīya;;8:15;;;;;;;;;;;;;;;;;;;;;;;;;;;;;;;;;;;;;
;;Chaturthī;;9:43;3;Oct;2023;;;5:32;;5;Oct;2020;4;3;;;;;;;;Chaturthī;;7:12;;;;;;;;;;;;;;;;;;;;;;;;;;;;;;;;;;;;;
;;Pañchamī;;9:47;4;Oct;2023;;;5:33;;6;Oct;2020;5;4;;;;;;;;Pañchamī;;7:16;;;;;;;;;;;;;;;;;;;;;;;;;;;;;;;;;;;;;
;;Śaṣṭhī;;9:02;5;Oct;2023;;;5:33;;7;Oct;2020;6;5;;;;;;;;Śaṣṭhī;;6:31;;;;;;;;;;;;;;;;;;;;;;;;;;;;;;;;;;;;;
;;Saptamī;;9:28;6;Oct;2023;;;5:33;;8;Oct;2020;7;6;;;;;;;;Saptamī;;6:58;;;;;;;;;;;;;;;;;;;;;;;;;;;;;;;;;;;;;
;;Aṣṭamī;;10:24;7;Oct;2023;;;5:34;;9;Oct;2020;8;7;;;;;;;;Aṣṭamī;;7:54;;;;;;;;;;;;;;;;;;;;;;;;;;;;;;;;;;;;;
;;Navamī;;11:47;8;Oct;2023;;;5:34;;10;Oct;2020;9;8;;;;;;;;Navamī;;9:17;;;;;;;;;;;;;;;;;;;;;;;;;;;;;;;;;;;;;
;;Daśamī;;13:33;9;Oct;2023;;;5:34;;11;Oct;2020;10;9;;;;;;;;Daśamī;;11:03;;;;;;;;;;;;;;;;;;;;;;;;;;;;;;;;;;;;;
;;Ekādaśī;13:33;15:34;10;Oct;2023;;;5:35;;12;Oct;2020;11;10;;;;;;;;Ekādaśī;11:03;13:03;;;;;;;;;;;;;;;;;;;;;;;;;;;;;;;;;;;;;
;;Dvādaśī;15:34;17:40;11;Oct;2023;;;5:35;17:14;13;Oct;2020;12;11;X;;;;;;;Dvādaśī;13:03;15:09;;;;;;;;;;;;;;;;;;;;;;;;;;;;;;;;;;;;;
;;Trayodaśī;17:40;19:41;12;Oct;2023;;;5:36;17:13;14;Oct;2020;13;12;;;;;;;;Trayodaśī;15:09;17:10;;;;;;;;;;;;;;;;;;;;;;;;;;;;;;;;;;;;;
;;Chaturdaśī;;21:27;13;Oct;2023;;;5:26;;15;Oct;2020;14;13;;;;;;;;Chaturdaśī;;18:56;;;;;;;;;;;;;;;;;;;;;;;;;;;;;;;;;;;;;
;;Amāvasyā;21:27;22:51;14;Oct;2023;;;5:36;;16;Oct;2020;15;15;;;;;;;;Amāvasyā;18:56;20:21;;;;;;;;;;;;;;;;;;;;;;;;;;;;;;;;;;;;;
Padmanābha;G;Pratipad;;23:49;15;Oct;2023;;;5:37;;17;Oct;2020;16;1;;;;;;;;Pratipad;;21:18;;;;;;;;;;;;;;;;;;;;;;;;;;;;;;;;;;;;;
;;Dvitīya;;0:15;17;Oct;2023;;;5:37;;18;Oct;2020;17;2;;;;;;;;Dvitīya;;21:45;;;;;;;;;;;;;;;;;;;;;;;;;;;;;;;;;;;;;
;;Tṛtīya;;0:10;18;Oct;2023;;;5:38;;19;Oct;2020;18;3;;;;;;;;Tṛtīya;;21:40;;;;;;;;;;;;;;;;;;;;;;;;;;;;;;;;;;;;;
;;Chaturthī;;23:36;18;Oct;2023;;;5:38;;20;Oct;2020;19;4;;;;;;;;Chaturthī;;21:06;;;;;;;;;;;;;;;;;;;;;;;;;;;;;;;;;;;;;
;;Pañchamī;;22:34;19;Oct;2023;;;5:39;;21;Oct;2020;20;5;;;;;;;;Pañchamī;;20:03;;;;;;;;;;;;;;;;;;;;;;;;;;;;;;;;;;;;;
;;Śaṣṭhī;;21:08;20;Oct;2023;;;5:39;;22;Oct;2020;21;6;;;;;;;;Śaṣṭhī;;18:38;;;;;;;;;;;;;;;;;;;;;;;;;;;;;;;;;;;;;
;;Saptamī;;19:21;21;Oct;2023;;;5:40;;23;Oct;2020;22;7;;;;;;;;Saptamī;;16:50;;;;;;;;;;;;;;;;;;;;;;;;;;;;;;;;;;;;;
;;Aṣṭamī;;17:18;22;Oct;2023;;;5:40;;24;Oct;2020;23;8;;;;;;;;Aṣṭamī;;14:48;;;;;;;;;;;;;;;;;;;;;;;;;;;;;;;;;;;;;
;;Navamī;;15:04;23;Oct;2023;;;5:41;;25;Oct;2020;24;9;;;;;;;;Navamī;;12:33;;;;;;;;;;;;;;;;;;;;;;;;;;;;;;;;;;;;;
;;Daśamī;;12:42;24;Oct;2023;;;5:41;;26;Oct;2020;25;10;;;;;;;;Daśamī;;10:12;;;;;;;;;;;;;;;;;;;;;;;;;;;;;;;;;;;;;
;;Ekādaśī;12:42;10:18;25;Oct;2023;;;5:42;;27;Oct;2020;26;11;;;;;;;;Ekādaśī;10:12;7:48;;;;;;;21:29;;;;;;;;;;;;;;;;;;;;;;;;;;;;;;
;;Dvādaśī;10:18;7:58;26;Oct;2023;;;5:42;17:01;28;Oct;2020;27;12;;;;;;;;Dvādaśī;7:48;5:28;;;;;;21:29;21:29;;;;;;;;;;;;;;;;;;;;;;;;;;;;;;
;;Trayodaśī;7:58;5:44;27;Oct;2023;;;5:43;;29;Oct;2020;28;13;;;;;;;;Trayodaśī;5:28;3:13;;;;;;;;;;;;;;;;;;;;;;;;;;;;;;;;;;;;;
;;Chaturdaśī;;3:42;28;Oct;2023;;;5:43;;30;Oct;2020;29;14;;;;;;;;Chaturdaśī;;1:12;;;;;;;;;;;;;;;;;;;;;;;;;;;;;;;;;;;;;
;;Pūrṇimā;3:42;1:56;29;Oct;2023;;;5:43;;31;Oct;2020;30;15;;;;;;;;Pūrṇimā;1:12;23:26;;;;;;;;;;;;;;;;;;;;;;;;;;;;;;;;;;;;;
;;;;;;;;;;;;;;;;;;;;;;;;;;;;;;;;;;;;;;;;;;;;;;;;;;;;;;;;;;;;;;;
;;;;;;;;;;;;;;;;;;;;;;;;;;;;;;;;;;;;;;;;;;;;;;;;;;;;;;;;;;;;;;;
;;;UTC:;?;;;;;;;;;;;;;;;;;;;;;UTC:;?;;;;;;;;;;;;;;;;;;;;;;;;;;;;;;;;;;;;;
Mās;Pak;Tithi;Start;End;Date;Mon;Year;A;K;Srise;Sset;Date;Mon;Year;VD;RT;Nakṣatra;Start;End;Date;Mon;Year;Day;Tithi;Start;End;Date;Mon;Year;Day;;;;;;;;;;;;;;;;;;;;;;;;;;;;;;;;;0
Dāmodar;K;Pratipad;;0:32;30;Oct;2023;;;5:44;;1;Nov;2020;1;1;;;;;;;;Pratipad;;22:02;;;;;;;;;;;;;;;;;;;;;;;;;;;;;;;;;;;;;
;;Dvitīya;;23:32;30;Oct;2023;;;5:44;;2;Nov;2020;2;2;;;;;;;;Dvitīya;;21:02;;;;;;;;;;;;;;;;;;;;;;;;;;;;;;;;;;;;;
;;Tṛtīya;;22:59;31;Nov;2023;;;5:45;;3;Nov;2020;3;3;;;;;;;;Tṛtīya;;20:28;;;;;;;;;;;;;;;;;;;;;;;;;;;;;;;;;;;;;
;;Chaturthī;;22:57;1;Nov;2023;;;5:45;;4;Nov;2020;4;4;;;;;;;;Chaturthī;;20:26;;;;;;;;;;;;;;;;;;;;;;;;;;;;;;;;;;;;;
;;Pañchamī;;23:26;2;Nov;2023;;;5:46;;5;Nov;2020;5;5;;;;;;;;Pañchamī;;20:55;;;;;;;;;;;;;;;;;;;;;;;;;;;;;;;;;;;;;
;;Śaṣṭhī;;0:25;4;Nov;2023;;;5:46;;6;Nov;2020;6;6;;;;;;;;Śaṣṭhī;;21:54;;;;;;;;;;;;;;;;;;;;;;;;;;;;;;;;;;;;;
;;Saptamī;;1:51;5;Nov;2023;;;5:47;;7;Nov;2020;7;7;;;;;;;;Saptamī;;23:21;;;;;;;;;;;;;;;;;;;;;;;;;;;;;;;;;;;;;
;;Aṣṭamī;;3:39;6;Nov;2023;;;5:48;;8;Nov;2020;8;8;;;;;;;;Aṣṭamī;;1:09;;;;;;;;;;;;;;;;;;;;;;;;;;;;;;;;;;;;;
;;Navamī;;5:42;7;Nov;2023;;;5:48;;9;Nov;2020;9;9;;;;;;;;Navamī;;3:11;;;;;;;;;;;;;;;;;;;;;;;;;;;;;;;;;;;;;
;;Daśamī;;7:51;8;Nov;2023;A;;5:49;;10;Nov;2020;10;10;;;;;;;;Daśamī;;5:21;;;;;;;;;;;;;;;;;;;;;;;;;;;;;;;;;;;;;
;;Ekādaśī;7:51;9:54;9;Nov;2023;;;5:50;16:53;11;Nov;2020;11;11;;;;;;;;Ekādaśī;5:21;7:23;;;;;;;;;;;;;;;;;;;;;;;;;;;;;;;;;;;;;
;;Dvādaśī;9:54;11:42;10;Nov;2023;;;5:51;;12;Nov;2020;12;12;X;;;;;;;Dvādaśī;7:23;9:11;;;;;;;;;;;;;;;;;;;;;;;;;;;;;;;;;;;;;
;;Trayodaśī;11:42;13:07;11;Nov;2023;;;5:51;;13;Nov;2020;13;13;;;;;;;;Trayodaśī;9:11;10:36;;;;;;;;;;;;;;;;;;;;;;;;;;;;;;;;;;;;;
;;Chaturdaśī;;14:06;12;Nov;2023;;;5:52;;14;Nov;2020;14;14;;;;;;;;Chaturdaśī;;11:35;;;;;;;;;;;;;;;;;;;;;;;;;;;;;;;;;;;;;
;;Amāvasyā;14:06;14:33;13;Nov;2023;;;5:53;;15;Nov;2020;15;15;;;;;;;;Amāvasyā;11:35;12:02;;;;;;;;;;;;;;;;;;;;;;;;;;;;;;;;;;;;;
Dāmodar;G;Pratipad;;14:30;14;Nov;2023;;;5:53;;16;Nov;2020;16;1;;;;;;;;Pratipad;;12:00;;;;;;;;;;;;;;;;;;;;;;;;;;;;;;;;;;;;;
;;Dvitīya;;13:56;15;Nov;2023;;;5:54;;17;Nov;2020;17;2;;;;;;;;Dvitīya;;11:26;;;;;;;;;;;;;;;;;;;;;;;;;;;;;;;;;;;;;
;;Tṛtīya;;12:56;16;Nov;2023;;;5:55;;18;Nov;2020;18;4;;;;;;;;Tṛtīya;;10:25;;;;;;;;;;;;;;;;;;;;;;;;;;;;;;;;;;;;;
;;Chaturthī;;11:30;17;Nov;2023;;;5:56;;19;Nov;2020;19;5;;;;;;;;Chaturthī;;9:00;;;;;;;;;;;;;;;;;;;;;;;;;;;;;;;;;;;;;
;;Pañchamī;;9:45;18;Nov;2023;;;5:56;;20;Nov;2020;20;6;;;;;;;;Pañchamī;;7:14;;;;;;;;;;;;;;;;;;;;;;;;;;;;;;;;;;;;;
;;Śaṣṭhī;;7:43;19;Nov;2023;;;5:57;;21;Nov;2020;21;7;;;;;;;;Śaṣṭhī;;5:12;;;;;;;;;;;;;;;;;;;;;;;;;;;;;;;;;;;;;
;;Saptamī;;5:30;20;Nov;2023;;K;5:57;;22;Nov;2020;22;8;;;;;;;;Saptamī;;3:00;;;;;;;;;;;;;;;;;;;;;;;;;;;;;;;;;;;;;
;;Aṣṭamī;;3:10;21;Nov;2023;;;5:58;;23;Nov;2020;23;9;;;;;;;;Aṣṭamī;;0:40;;;;;;;;;;;;;;;;;;;;;;;;;;;;;;;;;;;;;
;;Navamī;;0:47;22;Nov;2023;;;5:59;;24;Nov;2020;24;10;;;;;;;;Navamī;;22:16;;;;;;;;;;;;;;;;;;;;;;;;;;;;;;;;;;;;;
;;Daśamī;;22:28;22;Nov;2023;;;6:00;;25;Nov;2020;25;11;;;;;;;;Daśamī;;19:57;;;;;;;;;;;;;;;;;;;;;;;;;;;;;;;;;;;;;
;;Ekādaśī;22:28;20:17;23;Nov;2023;;;6:00;;26;Nov;2020;26;11;N;;;;;;;Ekādaśī;19:57;17:46;;;;;;;21:29;;;;;;;;;;;;;;;;;;;;;;;;;;;;;;
;;Dvādaśī;20:17;18:18;24;Nov;2023;;;6:01;16:47;27;Nov;2020;27;12;;;;;;;;Dvādaśī;17:46;15:47;;;;;;21:29;21:29;;;;;;;;;;;;;;;;;;;;;;;;;;;;;;
;;Trayodaśī;18:18;16:35;25;Nov;2023;;;6:02;;28;Nov;2020;28;13;;;;;;;;Trayodaśī;15:47;14:05;;;;;;;;;;;;;;;;;;;;;;;;;;;;;;;;;;;;;
;;Chaturdaśī;;15:15;26;Nov;2023;;;6:02;;29;Nov;2020;29;14;;;;;;;;Chaturdaśī;;12:45;;;;;;;;;;;;;;;;;;;;;;;;;;;;;;;;;;;;;
;;Pūrṇimā;15:15;14:17;27;Nov;2023;;;6:03;;30;Nov;2020;30;15;;;;;;;;Pūrṇimā;12:45;11:46;;;;;;;;;;;;;;;;;;;;;;;;;;;;;;;;;;;;;
;;;;;;;;;;;;;;;;;;;;;;;;;;;;;;;;;;;;;;;;;;;;;;;;;;;;;;;;;;;;;;;
;;;;;;;;;;;;;;;;;;;;;;;;;;;;;;;;;;;;;;;;;;;;;;;;;;;;;;;;;;;;;;;
;;;UTC:;?;;;;;;;;;;;;;;;;;;;;;UTC:;?;;;;;;;;;;;;;;;;;;;;;;;;;;;;;;;;;;;;;
Mās;Pak;Tithi;Start;End;Date;Mon;Year;A;K;Srise;Sset;Date;Mon;Year;VD;RT;Nakṣatra;Start;End;Date;Mon;Year;Day;Tithi;Start;End;Date;Mon;Year;Day;;;;;;;;;;;;;;;;;;;;;;;;;;;;;;;;;0
Keśava;K;Pratipad;;13:48;28;Nov;2023;;;6:03;;1;Dec;2020;1;1;;;;;;;;Pratipad;;11:17;;;;;;;;;;;;;;;;;;;;;;;;;;;;;;;;;;;;;
;;Dvitīya;;13:50;29;Nov;2023;;;6:04;;2;Dec;2020;2;2;;;;;;;;Dvitīya;;11:19;;;;;;;;;;;;;;;;;;;;;;;;;;;;;;;;;;;;;
;;Tṛtīya;;14:22;30;Nov;2023;;;6:05;;3;Dec;2020;3;3;;;;;;;;Tṛtīya;;11:51;;;;;;;;;;;;;;;;;;;;;;;;;;;;;;;;;;;;;
;;Chaturthī;;15:25;1;Dec;2023;;;6:05;;4;Dec;2020;4;4;;;;;;;;Chaturthī;;12:54;;;;;;;;;;;;;;;;;;;;;;;;;;;;;;;;;;;;;
;;Pañchamī;;16:55;2;Dec;2023;;;6:06;;5;Dec;2020;5;5;;;;;;;;Pañchamī;;14:24;;;;;;;;;;;;;;;;;;;;;;;;;;;;;;;;;;;;;
;;Śaṣṭhī;;18:46;3;Dec;2023;;;6:06;;6;Dec;2020;6;6;;;;;;;;Śaṣṭhī;;16:16;;;;;;;;;;;;;;;;;;;;;;;;;;;;;;;;;;;;;
;;Saptamī;;20:52;4;Dec;2023;;;6:07;;7;Dec;2020;7;7;;;;;;;;Saptamī;;18:22;;;;;;;;;;;;;;;;;;;;;;;;;;;;;;;;;;;;;
;;Aṣṭamī;;23:02;5;Dec;2023;;;6:08;;8;Dec;2020;8;8;;;;;;;;Aṣṭamī;;20:32;;;;;;;;;;;;;;;;;;;;;;;;;;;;;;;;;;;;;
;;Navamī;;1:05;7;Dec;2023;;;6:08;;9;Dec;2020;9;9;;;;;;;;Navamī;;22:34;;;;;;;;;;;;;;;;;;;;;;;;;;;;;;;;;;;;;
;;Daśamī;;2:53;8;Dec;2023;;;6:09;;10;Dec;2020;10;10;;;;;;;;Daśamī;;0:22;;;;;;;;;;;;;;;;;;;;;;;;;;;;;;;;;;;;;
;;Ekādaśī;2:53;4:18;9;Dec;2023;;;6:10;;11;Dec;2020;11;11;;;;;;;;Ekādaśī;0:22;1:48;;;;;;;;;;;;;;;;;;;;;;;;;;;;;;;;;;;;;
;;Dvādaśī;4:18;5:19;10;Dec;2023;;;6:10;;12;Dec;2020;12;13;X;;;;;;;Dvādaśī;1:48;2:48;;;;;;;;;;;;;;;;;;;;;;;;;;;;;;;;;;;;;
;;Trayodaśī;5:19;5:44;11;Dec;2023;;;6:11;16:49;13;Dec;2020;13;14;;;;;;;;Trayodaśī;2:48;3:13;;;;;;;;;;;;;;;;;;;;;;;;;;;;;;;;;;;;;
;;Chaturdaśī;;5:39;12;Dec;2023;;;6:12;;14;Dec;2020;14;15;Eclipse;;;;;;;Chaturdaśī;;3:09;;;;;;;;;;;;;;;;;;;;;;;;;;;;;;;;;;;;;
;;Amāvasyā;5:39;5:05;13;Dec;2023;;;6:12;;15;Dec;2020;15;1;;;;;;;;Amāvasyā;3:09;2:35;;;;;;;;;;;;;;;;;;;;;;;;;;;;;;;;;;;;;
Keśava;G;Pratipad;;4:04;14;Dec;2023;;;6:13;;16;Dec;2020;16;2;;;;;;;;Pratipad;;1:34;;;;;;;;;;;;;;;;;;;;;;;;;;;;;;;;;;;;;
;;Dvitīya;;2:38;15;Dec;2023;;;6:14;;17;Dec;2020;17;3;;;;;;;;Dvitīya;;0:08;;;;;;;;;;;;;;;;;;;;;;;;;;;;;;;;;;;;;
;;Tṛtīya;;0:53;16;Dec;2023;;;6:14;;18;Dec;2020;18;4;;;;;;;;Tṛtīya;;22:23;;;;;;;;;;;;;;;;;;;;;;;;;;;;;;;;;;;;;
;;Chaturthī;;22:52;16;Dec;2023;;;6:15;;19;Dec;2020;19;5;;;;;;;;Chaturthī;;20:21;;;;;;;;;;;;;;;;;;;;;;;;;;;;;;;;;;;;;
;;Pañchamī;;20:40;17;Dec;2023;;;6:16;;20;Dec;2020;20;6;;;;;;;;Pañchamī;;18:09;;;;;;;;;;;;;;;;;;;;;;;;;;;;;;;;;;;;;
;;Śaṣṭhī;;18:21;18;Dec;2023;;;6:17;;21;Dec;2020;21;7;;;;;;;;Śaṣṭhī;;15:51;;;;;;;;;;;;;;;;;;;;;;;;;;;;;;;;;;;;;
;;Saptamī;;15:59;19;Dec;2023;;;6:17;;22;Dec;2020;22;8;;;;;;;;Saptamī;;13:29;;;;;;;;;;;;;;;;;;;;;;;;;;;;;;;;;;;;;
;;Aṣṭamī;;13:41;20;Dec;2023;;;6:18;;23;Dec;2020;23;9;;;;;;;;Aṣṭamī;;11:10;;;;;;;;;;;;;;;;;;;;;;;;;;;;;;;;;;;;;
;;Navamī;;11:32;21;Dec;2023;;;6:19;;24;Dec;2020;24;10;;;;;;;;Navamī;;9:02;;;;;;;;;;;;;;;;;;;;;;;;;;;;;;;;;;;;;
;;Daśamī;;9:35;22;Dec;2023;;;6:20;;25;Dec;2020;25;11;;;;;;;;Daśamī;;7:05;;;;;;;;;;;;;;;;;;;;;;;;;;;;;;;;;;;;;
;;Ekādaśī;9:35;7:55;23;Dec;2023;;;6:20;16:53;26;Dec;2020;26;12;N;;;;;;;Ekādaśī;7:05;5:24;;;;;;;21:29;;;;;;;;;;;;;;;;;;;;;;;;;;;;;;
;;Dvādaśī;7:55;6:38;24;Dec;2023;;;6:21;;27;Dec;2020;27;13;;;;;;;;Dvādaśī;5:24;4:07;;;;;;21:29;21:29;;;;;;;;;;;;;;;;;;;;;;;;;;;;;;
;;Trayodaśī;6:38;5:43;25;Dec;2023;;K;6:21;;28;Dec;2020;28;14;;;;;;;;Trayodaśī;4:07;3:13;;;;;;;;;;;;;;;;;;;;;;;;;;;;;;;;;;;;;
;;Chaturdaśī;;5:17;26;Dec;2023;;;6:21;;29;Dec;2020;29;14;;;;;;;;Chaturdaśī;;2:46;;;;;;;;;;;;;;;;;;;;;;;;;;;;;;;;;;;;;
;;Pūrṇimā;5:17;5:22;27;Dec;2023;;;6:22;;30;Dec;2020;30;15;;;;;;;;Pūrṇimā;2:46;2:51;;;;;;;;;;;;;;;;;;;;;;;;;;;;;;;;;;;;;
;;;;;;;;;;;;;;;;;;;;;;;;;;;;;;;;;;;;;;;;;;;;;;;;;;;;;;;;;;;;;;;
;;;;;;;;;;;;;;;;;;;;;;;;;;;;;;;;;;;;;;;;;;;;;;;;;;;;;;;;;;;;;;;
;;;UTC:;?;;;;;;;;;;;;;;;;;;;;;UTC:;?;;;;;;;;;;;;;;;;;;;;;;;;;;;;;;;;;;;;;
Mās;Pak;Tithi;Start;End;Date;Mon;Year;A;K;Srise;Sset;Date;Mon;Year;VD;RT;Nakṣatra;Start;End;Date;Mon;Year;Day;Tithi;Start;End;Date;Mon;Year;Day;;;;;;;;;;;;;;;;;;;;;;;;;;;;;;;;;0
Nārāyaṇ;K;Pratipad;;5:58;28;Dec;2023;;;6:22;;31;Dec;2020;1;1;;;;;;;;Pratipad;;3:27;;;;;;;;;;;;;;;;;;;;;;;;;;;;;;;;;;;;;
;;Dvitīya;;7:05;29;Dec;2023;A;;6:22;;1;Jan;2020;2;2;;;;;;;;Dvitīya;;4:34;;;;;;;;;;;;;;;;;;;;;;;;;;;;;;;;;;;;;
;;Tṛtīya;;8:38;30;Dec;2023;;;6:22;;2;Jan;2020;3;3;;;;;;;;Tṛtīya;;6:08;;;;;;;;;;;;;;;;;;;;;;;;;;;;;;;;;;;;;
;;Chaturthī;;10:31;31;Dec;2023;;;6:23;;3;Jan;2020;4;4;;;;;;;;Chaturthī;;8:01;;;;;;;;;;;;;;;;;;;;;;;;;;;;;;;;;;;;;
;;Pañchamī;;12:38;1;Jan;2024;;;6:23;;4;Jan;2020;5;5;;;;;;;;Pañchamī;;10:07;;;;;;;;;;;;;;;;;;;;;;;;;;;;;;;;;;;;;
;;Śaṣṭhī;;14:49;2;Jan;2024;;;6:23;;5;Jan;2020;6;7;;;;;;;;Śaṣṭhī;;12:18;;;;;;;;;;;;;;;;;;;;;;;;;;;;;;;;;;;;;
;;Saptamī;;16:52;3;Jan;2024;;;6:23;;6;Jan;2020;7;8;;;;;;;;Saptamī;;14:21;;;;;;;;;;;;;;;;;;;;;;;;;;;;;;;;;;;;;
;;Aṣṭamī;;18:38;4;Jan;2024;;;6:24;;7;Jan;2020;8;9;;;;;;;;Aṣṭamī;;16:07;;;;;;;;;;;;;;;;;;;;;;;;;;;;;;;;;;;;;
;;Navamī;;20:01;5;Jan;2024;;;6:24;;8;Jan;2020;9;10;;;;;;;;Navamī;;17:30;;;;;;;;;;;;;;;;;;;;;;;;;;;;;;;;;;;;;
;;Daśamī;;20:57;6;Jan;2024;;;6:24;;9;Jan;2020;10;11;;;;;;;;Daśamī;;18:27;;;;;;;;;;;;;;;;;;;;;;;;;;;;;;;;;;;;;
;;Ekādaśī;20:57;21:21;7;Jan;2024;;;6:24;17:03;10;Jan;2020;11;12;;;;;;;;Ekādaśī;18:27;18:51;;;;;;;;;;;;;;;;;;;;;;;;;;;;;;;;;;;;;
;;Dvādaśī;21:21;21:15;8;Jan;2024;;;6:24;;11;Jan;2020;12;13;X;;;;;;;Dvādaśī;18:51;18:45;;;;;;;;;;;;;;;;;;;;;;;;;;;;;;;;;;;;;
;;Trayodaśī;21:15;20:39;9;Jan;2024;;;6:25;;12;Jan;2020;13;14;;;;;;;;Trayodaśī;18:45;18:09;;;;;;;;;;;;;;;;;;;;;;;;;;;;;;;;;;;;;
;;Chaturdaśī;;19:35;10;Jan;2024;;;6:25;;13;Jan;2020;14;15;;;;;;;;Chaturdaśī;;17:05;;;;;;;;;;;;;;;;;;;;;;;;;;;;;;;;;;;;;
;;Amāvasyā;19:34;18:07;11;Jan;2024;;;6:25;;14;Jan;2020;15;1;;;;;;;;Amāvasyā;17:05;15:36;;;;;;;;;;;;;;;;;;;;;;;;;;;;;;;;;;;;;
Nārāyaṇ;G;Pratipad;;16:21;12;Jan;2024;;;6:25;;15;Jan;2020;16;2;;;;;;;;Pratipad;;13:50;;;;;;;;;;;;;;;;;;;;;;;;;;;;;;;;;;;;;
;;Dvitīya;;14:18;13;Jan;2024;;;6:25;;16;Jan;2020;17;3;;;;;;;;Dvitīya;;11:48;;;;;;;;;;;;;;;;;;;;;;;;;;;;;;;;;;;;;
;;Tṛtīya;;12:06;14;Jan;2024;;;6:26;;17;Jan;2020;18;4;;;;;;;;Tṛtīya;;9:36;;;;;;;;;;;;;;;;;;;;;;;;;;;;;;;;;;;;;
;;Chaturthī;;9:46;15;Jan;2024;;;6:26;;18;Jan;2020;19;5;;;;;;;;Chaturthī;;7:16;;;;;;;;;;;;;;;;;;;;;;;;;;;;;;;;;;;;;
;;Pañchamī;;7:25;16;Jan;2024;;;6:26;;19;Jan;2020;20;6;;;;;;;;Pañchamī;;4:54;;;;;;;;;;;;;;;;;;;;;;;;;;;;;;;;;;;;;
;;Śaṣṭhī;;5:08;17;Jan;2024;;;6:26;;20;Jan;2020;21;7;;;;;;;;Śaṣṭhī;;2:37;;;;;;;;;;;;;;;;;;;;;;;;;;;;;;;;;;;;;
;;Saptamī;;3:00;18;Jan;2024;;;6:26;;21;Jan;2020;22;8;;;;;;;;Saptamī;;0:29;;;;;;;;;;;;;;;;;;;;;;;;;;;;;;;;;;;;;
;;Aṣṭamī;;1:04;19;Jan;2024;;;6:26;;22;Jan;2020;23;9;;;;;;;;Aṣṭamī;;22:34;;;;;;;;;;;;;;;;;;;;;;;;;;;;;;;;;;;;;
;;Navamī;;23:25;19;Jan;2024;;;6:26;;23;Jan;2020;24;10;;;;;;;;Navamī;;20:55;;;;;;;;;;;;;;;;;;;;;;;;;;;;;;;;;;;;;
;;Daśamī;;22:09;20;Jan;2024;;;6:26;;24;Jan;2020;25;11;;;;;;;;Daśamī;;19:39;;;;;;;;;;;;;;;;;;;;;;;;;;;;;;;;;;;;;
;;Ekādaśī;22:09;21:16;21;Jan;2024;;;6:26;17:11;25;Jan;2020;26;12;Rohini;5:50;5:54;;;;;Ekādaśī;19:39;18:45;;;;;;;#REF!;;;;;;;;;;;;;;;;;;;;;;;;;;;;;;
;;Dvādaśī;21:16;20:53;22;Jan;2024;;;6:26;17:12;26;Jan;2020;27;13;;;;;;;;Dvādaśī;18:45;18:22;;;;;;#REF!;3:24;;;;;;;;;;;;;;;;;;;;;;;;;;;;;;
;;Trayodaśī;20:53;21:01;23;Jan;2024;;;6:26;;27;Jan;2020;28;14;;;;;;;;Trayodaśī;18:22;18:31;;;;;;;;;;;;;;;;;;;;;;;;;;;;;;;;;;;;;
;;Chaturdaśī;;21:39;24;Jan;2024;;;6:26;;28;Jan;2020;29;15;;;;;;;;Chaturdaśī;;19:09;;;;;;;;;;;;;;;;;;;;;;;;;;;;;;;;;;;;;
;;Pūrṇimā;21:38;22:47;25;Jan;2024;;;6:25;;;;;30;;;;;;;;;Pūrṇimā;19:09;20:17;;;;;;;;;;;;;;;;;;;;;;;;;;;;;;;;;;;;;
;;;;;;;;;;;;;;;;;;;;;;;;;;;;;;;;;;;;;;;;;;;;;;;;;;;;;;;;;;;;;;;
;;;;;;;;;;;;;;;;;;;;;;;;;;;;;;;;;;;;;;;;;;;;;;;;;;;;;;;;;;;;;;;
;;;UTC:;?;;;;;;;;;;;;;;;;;;;;;UTC:;?;;;;;;;;;;;;;;;;;;;;;;;;;;;;;;;;;;;;;
Mās;Pak;Tithi;Start;End;Date;Mon;Year;A;K;Srise;Sset;Date;Mon;Year;VD;RT;Nakṣatra;Start;End;Date;Mon;Year;Day;Tithi;Start;End;Date;Mon;Year;Day;;;;;;;;;;;;;;;;;;;;;;;;;;;;;;;;;0
Mādhava;K;Pratipad;;0:21;27;Jan;2024;;;6:25;;29;Jan;2020;1;1;;;;;;;;Pratipad;;21:51;;;;;;;;;;;;;;;;;;;;;;;;;;;;;;;;;;;;;
;;Dvitīya;;2:16;28;Jan;2024;;;6:25;;30;Jan;2020;2;2;;;;;;;;Dvitīya;;23:46;;;;;;;;;;;;;;;;;;;;;;;;;;;;;;;;;;;;;
;;Tṛtīya;;4:23;29;Jan;2024;;;6:24;;31;Jan;2020;3;3;;;;;;;;Tṛtīya;;1:52;;;;;;;;;;;;;;;;;;;;;;;;;;;;;;;;;;;;;
;;Chaturthī;;6:32;30;Jan;2024;A;;6:24;;1;Feb;2020;4;4;;;;;;;;Chaturthī;;4:02;;;;;;;;;;;;;;;;;;;;;;;;;;;;;;;;;;;;;
;;Pañchamī;;8:32;31;Jan;2024;;;6:23;;2;Feb;2020;5;5;;;;;;;;Pañchamī;;6:02;;;;;;;;;;;;;;;;;;;;;;;;;;;;;;;;;;;;;
;;Śaṣṭhī;;10:17;1;Feb;2024;;;6:23;;3;Feb;2020;6;6;;;;;;;;Śaṣṭhī;;7:47;;;;;;;;;;;;;;;;;;;;;;;;;;;;;;;;;;;;;
;;Saptamī;;11:37;2;Feb;2024;;;6:22;;4;Feb;2020;7;7;;;;;;;;Saptamī;;9:06;;;;;;;;;;;;;;;;;;;;;;;;;;;;;;;;;;;;;
;;Aṣṭamī;;12:29;3;Feb;2024;;;6:22;;5;Feb;2020;8;8;;;;;;;;Aṣṭamī;;9:58;;;;;;;;;;;;;;;;;;;;;;;;;;;;;;;;;;;;;
;;Navamī;;12:50;4;Feb;2024;;;6:22;;6;Feb;2020;9;9;;;;;;;;Navamī;;10:20;;;;;;;;;;;;;;;;;;;;;;;;;;;;;;;;;;;;;
;;Daśamī;;12:39;5;Feb;2024;;;6:21;;7;Feb;2020;10;10;;;;;;;;Daśamī;;10:09;;;;;;;;;;;;;;;;;;;;;;;;;;;;;;;;;;;;;
;;Ekādaśī;12:39;12:00;6;Feb;2024;;;6:21;;8;Feb;2020;11;12;;;;;;;;Ekādaśī;10:09;9:29;;;;;;;;;;;;;;;;;;;;;;;;;;;;;;;;;;;;;
;;Dvādaśī;12:00;10:52;7;Feb;2024;;;6:20;17:23;9;Feb;2020;12;13;X;;;;;;;Dvādaśī;9:29;8:21;;;;;;;;;;;;;;;;;;;;;;;;;;;;;;;;;;;;;
;;Trayodaśī;10:52;9:22;8;Feb;2024;;;6:20;;10;Feb;2020;13;14;;;;;;;;Trayodaśī;8:21;6:51;;;;;;;;;;;;;;;;;;;;;;;;;;;;;;;;;;;;;
;;Chaturdaśī;;7:33;9;Feb;2024;;;6:19;;11;Feb;2020;14;15;;;;;;;;Chaturdaśī;;5:03;;;;;;;;;;;;;;;;;;;;;;;;;;;;;;;;;;;;;
;;Amāvasyā;7:32;5:29;10;Feb;2024;;K;6:19;;12;Feb;2020;15;1;;;;;;;;Amāvasyā;5:03;2:59;;;;;;;;;;;;;;;;;;;;;;;;;;;;;;;;;;;;;
Mādhava;G;Pratipad;;3:14;11;Feb;2024;;;6:19;;13;Feb;2020;16;2;;;;;;;;Pratipad;;0:44;;;;;;;;;;;;;;;;;;;;;;;;;;;;;;;;;;;;;
;;Dvitīya;;0:53;12;Feb;2024;;;6:16;;14;Feb;2020;17;3;;;;;;;;Dvitīya;;22:23;;;;;;;;;;;;;;;;;;;;;;;;;;;;;;;;;;;;;
;;Tṛtīya;;22:31;12;Feb;2024;;;6:18;;15;Feb;2020;18;4;;;;;;;;Tṛtīya;;20:01;;;;;;;;;;;;;;;;;;;;;;;;;;;;;;;;;;;;;
;;Chaturthī;;20:13;13;Feb;2024;;;6:17;;16;Feb;2020;19;5;;;;;;;;Chaturthī;;17:42;;;;;;;;;;;;;;;;;;;;;;;;;;;;;;;;;;;;;
;;Pañchamī;;18:05;14;Feb;2024;;;6:16;;17;Feb;2020;20;6;;;;;;;;Pañchamī;;15:35;;;;;;;;;;;;;;;;;;;;;;;;;;;;;;;;;;;;;
;;Śaṣṭhī;;16:09;15;Feb;2024;;;6:16;;18;Feb;2020;21;6;;;;;;;;Śaṣṭhī;;13:39;;;;;;;;;;;;;;;;;;;;;;;;;;;;;;;;;;;;;
;;Saptamī;;14:30;16;Feb;2024;;;6:15;;19;Feb;2020;22;7;;;;;;;;Saptamī;;12:00;;;;;;;;;;;;;;;;;;;;;;;;;;;;;;;;;;;;;
;;Aṣṭamī;;13:15;17;Feb;2024;;;6:15;;20;Feb;2020;23;8;;;;;;;;Aṣṭamī;;10:45;;;;;;;;;;;;;;;;;;;;;;;;;;;;;;;;;;;;;
;;Navamī;;12:24;18;Feb;2024;;;6:14;;21;Feb;2020;24;9;;;;;;;;Navamī;;9:54;;;;;;;;;;;;;;;;;;;;;;;;;;;;;;;;;;;;;
;;Daśamī;;12:01;19;Feb;2024;;;6:14;;22;Feb;2020;25;10;;;;;;;;Daśamī;;9:31;;;;;;;;;;;;;;;;;;;;;;;;;;;;;;;;;;;;;
;;Ekādaśī;12:01;12:09;20;Feb;2024;;;6:13;;23;Feb;2020;26;11;;;;;;;;Ekādaśī;9:31;9:38;;;;;;;21:29;;;;;;;;;;;;;;;;;;;;;;;;;;;;;;
;;Dvādaśī;12:09;12:48;21;Feb;2024;;;6:12;17:31;24;Feb;2020;27;12;Punarvasu;14:30;15:46;21;Feb;2020;;Dvādaśī;9:38;10:18;;;;;;21:29;13:16;;;;;;;;;;;;;;;;;;;;;;;;;;;;;;
;;Trayodaśī;12:48;13:57;22;Feb;2024;;;6:11;;25;Feb;2020;28;13;Pusya;15:46;17:30;22;Feb;2020;;Trayodaśī;10:18;11:26;;;;;;;;;;;;;;;;;;;;;;;;;;;;;;;;;;;;;
;;Chaturdaśī;;15:30;23;Feb;2024;;;6:11;;26;Feb;2020;29;14;;;;;;;;Chaturdaśī;;13:00;;;;;;;;;;;;;;;;;;;;;;;;;;;;;;;;;;;;;
;;Pūrṇimā;15:29;17:24;24;Feb;2024;;;6:10;;27;Feb;2020;30;15;;;;;;;;Pūrṇimā;13:00;14:53;;;;;;;;;;;;;;;;;;;;;;;;;;;;;;;;;;;;;
;;;;;;;;;;;;;;;;;;;;;;;;;;;;;;;;;;;;;;;;;;;;;;;;;;;;;;;;;;;;;;;
;;;;;;;;;;;;;;;;;;;;;;;;;;;;;;;;;;;;;;;;;;;;;;;;;;;;;;;;;;;;;;;
;;;UTC:;?;;;;;;;;;;;;;;;;;;;;;UTC:;?;;;;;;;;;;;;;;;;;;;;;;;;;;;;;;;;;;;;;
Mās;Pak;Tithi;Start;End;Date;Mon;Year;A;K;Srise;Sset;Date;Mon;Year;VD;RT;Nakṣatra;Start;End;Date;Mon;Year;Day;Tithi;Start;End;Date;Mon;Year;Day;;;;;;;;;;;;;;;;;;;;;;;;;;;;;;;;;0
Govinda;K;Pratipad;;19:30;25;Feb;2024;;;6:09;;28;Feb;2020;1;1;;;;;;;;Pratipad;;16:59;;;;;;;;;;;;;;;;;;;;;;;;;;;;;;;;;;;;;
;;Dvitīya;;21:38;26;Feb;2024;;;6:08;;1;Mar;2020;2;2;;;;;;;;Dvitīya;;19:07;;;;;;;;;;;;;;;;;;;;;;;;;;;;;;;;;;;;;
;;Tṛtīya;;23:36;27;Feb;2024;;;6:07;;2;Mar;2020;3;3;;;;;;;;Tṛtīya;;21:06;;;;;;;;;;;;;;;;;;;;;;;;;;;;;;;;;;;;;
;;Chaturthī;;1:17;29;Feb;2024;;;6:06;;3;Mar;2020;4;4;;;;;;;;Chaturthī;;22:47;;;;;;;;;;;;;;;;;;;;;;;;;;;;;;;;;;;;;
;;Pañchamī;;2:34;1;Mar;2024;;;6:05;;4;Mar;2020;5;6;;;;;;;;Pañchamī;;0:04;;;;;;;;;;;;;;;;;;;;;;;;;;;;;;;;;;;;;
;;Śaṣṭhī;;3:23;2;Mar;2024;;;6:04;;5;Mar;2020;6;7;;;;;;;;Śaṣṭhī;;0:53;;;;;;;;;;;;;;;;;;;;;;;;;;;;;;;;;;;;;
;;Saptamī;;3:40;3;Mar;2024;;;6:03;;6;Mar;2020;7;8;;;;;;;;Saptamī;;1:09;;;;;;;;;;;;;;;;;;;;;;;;;;;;;;;;;;;;;
;;Aṣṭamī;;3:26;4;Mar;2024;;;6:02;;7;Mar;2020;8;9;;;;;;;;Aṣṭamī;;0:56;;;;;;;;;;;;;;;;;;;;;;;;;;;;;;;;;;;;;
;;Navamī;;2:43;5;Mar;2024;;;6:01;;8;Mar;2020;9;10;;;;;;;;Navamī;;0:13;;;;;;;;;;;;;;;;;;;;;;;;;;;;;;;;;;;;;
;;Daśamī;;1:33;6;Mar;2024;;;6:00;;9;Mar;2020;10;11;;;;;;;;Daśamī;;23:03;;;;;;;;;;;;;;;;;;;;;;;;;;;;;;;;;;;;;
;;Ekādaśī;1:33;23:59;6;Mar;2024;;;6:00;17:38;10;Mar;2020;11;12;;;;;;;;Ekādaśī;23:03;21:29;;;;;;;;;;;;;;;;;;;;;;;;;;;;;;;;;;;;;
;;Dvādaśī;23:59;22:07;7;Mar;2024;;;5:59;;11;Mar;2020;12;13;X;;;;;;;Dvādaśī;21:29;19:36;;;;;;;;;;;;;;;;;;;;;;;;;;;;;;;;;;;;;
;;Trayodaśī;22:07;20:00;8;Mar;2024;;;5:58;;12;Mar;2020;13;14;;;;;;;;Trayodaśī;19:36;17:30;;;;;;;;;;;;;;;;;;;;;;;;;;;;;;;;;;;;;
;;Chaturdaśī;;17:43;9;Mar;2024;;;5:57;;13;Mar;2020;14;15;;;;;;;;Chaturdaśī;;15:13;;;;;;;;;;;;;;;;;;;;;;;;;;;;;;;;;;;;;
;;Amāvasyā;17:42;15:20;10;Mar;2024;;;5:56;;14;Mar;2020;15;1;;;;;;;;Amāvasyā;15:13;12:49;;;;;;;;;;;;;;;;;;;;;;;;;;;;;;;;;;;;;
Govinda;G;Pratipad;;12:56;11;Mar;2024;;;5:55;;15;Mar;2020;16;2;;;;;;;;Pratipad;;10:25;;;;;;;;;;;;;;;;;;;;;;;;;;;;;;;;;;;;;
;;Dvitīya;;10:37;12;Mar;2024;;;5:54;;16;Mar;2020;17;3;;;;;;;;Dvitīya;;8:06;;;;;;;;;;;;;;;;;;;;;;;;;;;;;;;;;;;;;
;;Tṛtīya;;8:27;13;Mar;2024;;;5:54;;17;Mar;2020;18;4;;;;;;;;Tṛtīya;;5:57;;;;;;;;;;;;;;;;;;;;;;;;;;;;;;;;;;;;;
;;Chaturthī;;6:30;14;Mar;2024;;;5:53;;18;Mar;2020;19;5;;;;;;;;Chaturthī;;4:00;;;;;;;;;;;;;;;;;;;;;;;;;;;;;;;;;;;;;
;;Pañchamī;;4:52;15;Mar;2024;;;5:52;;19;Mar;2020;20;6;;;;;;;;Pañchamī;;2:21;;;;;;;;;;;;;;;;;;;;;;;;;;;;;;;;;;;;;
;;Śaṣṭhī;;3:35;16;Mar;2024;;;5:51;;20;Mar;2020;21;7;;;;;;;;Śaṣṭhī;;1:05;;;;;;;;;;;;;;;;;;;;;;;;;;;;;;;;;;;;;
;;Saptamī;;2:44;17;Mar;2024;;;5:50;;21;Mar;2020;22;8;;;;;;;;Saptamī;;0:13;;;;;;;;;;;;;;;;;;;;;;;;;;;;;;;;;;;;;
;;Aṣṭamī;;2:21;18;Mar;2024;;;5:49;;22;Mar;2020;23;9;;;;;;;;Aṣṭamī;;23:51;;;;;;;;;;;;;;;;;;;;;;;;;;;;;;;;;;;;;
;;Navamī;;2:29;19;Mar;2024;;;5:48;;23;Mar;2020;24;10;;;;;;;;Navamī;;23:59;;;;;;;;;;;;;;;;;;;;;;;;;;;;;;;;;;;;;
;;Daśamī;;3:07;20;Mar;2024;;;5:47;;24;Mar;2020;25;10;;;;;;;;Daśamī;;0:36;;;;;;;;;;;;;;;;;;;;;;;;;;;;;;;;;;;;;
;;Ekādaśī;3:07;4:15;21;Mar;2024;;;5:46;;25;Mar;2020;26;11;N;;;;;;;Ekādaśī;0:36;1:45;;;;;;;0:00;;;;;;;;;;;;;;;;;;;;;;;;;;;;;;
;;Dvādaśī;4:15;5:47;22;Mar;2024;A;;5:45;17:45;26;Mar;2020;27;13;;;;;;;;Dvādaśī;1:45;3:17;;;;;;0:00;0:00;;;;;;;;;;;;;;;;;;;;;;;;;;;;;;
;;Trayodaśī;5:47;7:37;23;Mar;2024;;;5:44;;27;Mar;2020;28;14;;;;;;;;Trayodaśī;3:17;5:06;;;;;;;;;;;;;;;;;;;;;;;;;;;;;;;;;;;;;
;;Chaturdaśī;;9:43;24;Mar;2024;;;5:43;;28;Mar;2020;29;15;;;;;;;;Chaturdaśī;;7:12;;;;;;;;;;;;;;;;;;;;;;;;;;;;;;;;;;;;;
;;Pūrṇimā;9:42;11:49;25;Mar;2024;;;5:42;;;;;;;;;;;;;;Pūrṇimā;7:12;9:18;;;;;;;;;;;;;;;;;;;;;;;;;;;;;;;;;;;;;
;;;;;;;;;;;;;;;;;;;;;;;;;;;;;;;;;;;;;;;;;;;;;;;;;;;;;;;;;;;;;;;
;;;;;;;;;;;;;;;;;;;;;;;;;;;;;;;;;;;;;;;;;;;;;;;;;;;;;;;;;;;;;;;
;;;UTC:;?;;;;;;;;;;;;;;;;;;;;;UTC:;?;;;;;;;;;;;;;;;;;;;;;;;;;;;;;;;;;;;;;
Mās;Pak;Tithi;Start;End;Date;Mon;Year;A;K;Srise;Sset;Date;Mon;Year;VD;RT;Nakṣatra;Start;End;Date;Mon;Year;Day;Tithi;Start;End;Date;Mon;Year;Day;;;;;;;;;;;;;;;;;;;;;;;;;;;;;;;;;0
Viṣṇu;K;Pratipad;;13:44;26;Mar;2024;;;5:41;;29;Mar;2020;1;1;;;;;;;;Pratipad;;11:14;;;;;;;;;;;;;;;;;;;;;;;;;;;;;;;;;;;;;
;;Dvitīya;;15:22;27;Mar;2024;;;5:40;;30;Mar;2020;2;2;;;;;;;;Dvitīya;;12:51;;;;;;;;;;;;;;;;;;;;;;;;;;;;;;;;;;;;;
;;Tṛtīya;;16:36;28;Mar;2024;;;5:39;;31;Mar;2020;3;3;;;;;;;;Tṛtīya;;14:06;;;;;;;;;;;;;;;;;;;;;;;;;;;;;;;;;;;;;
;;Chaturthī;;17:22;29;Mar;2024;;;5:38;;1;Apr;2020;4;4;;;;;;;;Chaturthī;;14:51;;;;;;;;;;;;;;;;;;;;;;;;;;;;;;;;;;;;;
;;Pañchamī;;17:36;30;Mar;2024;;;5:37;;2;Apr;2020;5;5;;;;;;;;Pañchamī;;15:06;;;;;;;;;;;;;;;;;;;;;;;;;;;;;;;;;;;;;
;;Śaṣṭhī;;17:20;31;Mar;2024;;;5:36;;3;Apr;2020;6;6;;;;;;;;Śaṣṭhī;;14:50;;;;;;;;;;;;;;;;;;;;;;;;;;;;;;;;;;;;;
;;Saptamī;;16:34;1;Apr;2024;;;5:35;;4;Apr;2020;7;7;;;;;;;;Saptamī;;14:03;;;;;;;;;;;;;;;;;;;;;;;;;;;;;;;;;;;;;
;;Aṣṭamī;;15:22;2;Apr;2024;;;5:34;;5;Apr;2020;8;8;;;;;;;;Aṣṭamī;;12:51;;;;;;;;;;;;;;;;;;;;;;;;;;;;;;;;;;;;;
;;Navamī;;13:47;3;Apr;2024;;;5:33;;6;Apr;2020;9;9;;;;;;;;Navamī;;11:17;;;;;;;;;;;;;;;;;;;;;;;;;;;;;;;;;;;;;
;;Daśamī;;11:52;4;Apr;2024;;;5:32;;7;Apr;2020;10;11;;;;;;;;Daśamī;;9:22;;;;;;;;;;;;;;;;;;;;;;;;;;;;;;;;;;;;;
;;Ekādaśī;11:52;9:43;5;Apr;2024;;;5:31;17:50;8;Apr;2020;11;12;;;;;;;;Ekādaśī;9:22;7:12;;;;;;;;;;;;;;;;;;;;;;;;;;;;;;;;;;;;;
;;Dvādaśī;9:43;7:23;6;Apr;2024;;;5:30;;9;Apr;2020;12;13;X;;;;;;;Dvādaśī;7:12;4:52;;;;;;;;;;;;;;;;;;;;;;;;;;;;;;;;;;;;;
;;Trayodaśī;7:23;4:59;7;Apr;2024;K;;5:29;;10;Apr;2020;13;14;;;;;;;;Trayodaśī;4:52;2:28;;;;;;;;;;;;;;;;;;;;;;;;;;;;;;;;;;;;;
;;Chaturdaśī;;2:34;8;Apr;2024;;;5:28;;11;Apr;2020;14;14;;;;;;;;Chaturdaśī;;0:04;;;;;;;;;;;;;;;;;;;;;;;;;;;;;;;;;;;;;
;;Amāvasyā;2:33;0:13;9;Apr;2024;;;5:27;;12;Apr;2020;15;15;;;;;;;;Amāvasyā;0:04;21:42;;;;;;;;;;;;;;;;;;;;;;;;;;;;;;;;;;;;;
Viṣṇu;G;Pratipad;;22:01;9;Apr;2024;;;5:27;;13;Apr;2020;16;1;;;;;;;;Pratipad;;19:30;;;;;;;;;;;;;;;;;;;;;;;;;;;;;;;;;;;;;
;;Dvitīya;;20:02;10;Apr;2024;;;5:26;;14;Apr;2020;17;2;;;;;;;;Dvitīya;;17:32;;;;;;;;;;;;;;;;;;;;;;;;;;;;;;;;;;;;;
;;Tṛtīya;;;15;Apr;2021;;;;;15;Apr;2020;18;;;;;;;;;Tṛtīya;;21:29;;;;;;;;;;;;;;;;;;;;;;;;;;;;;;;;;;;;;
;;Chaturthī;;;16;Apr;2021;;;;;16;Apr;2020;19;;;;;;;;;Chaturthī;;21:29;;;;;;;;;;;;;;;;;;;;;;;;;;;;;;;;;;;;;
;;Pañchamī;;;17;Apr;2021;;;;;17;Apr;2020;20;;;;;;;;;Pañchamī;;21:29;;;;;;;;;;;;;;;;;;;;;;;;;;;;;;;;;;;;;
;;Śaṣṭhī;;;18;Apr;2021;;;;;18;Apr;2020;21;;;;;;;;;Śaṣṭhī;;21:29;;;;;;;;;;;;;;;;;;;;;;;;;;;;;;;;;;;;;
;;Saptamī;;;19;Apr;2021;;;;;19;Apr;2020;22;;;;;;;;;Saptamī;;21:29;;;;;;;;;;;;;;;;;;;;;;;;;;;;;;;;;;;;;
;;Aṣṭamī;;;20;Apr;2021;;;;;20;Apr;2020;23;;;;;;;;;Aṣṭamī;;21:29;;;;;;;;;;;;;;;;;;;;;;;;;;;;;;;;;;;;;
;;Navamī;;;21;Apr;2021;;;;;21;Apr;2020;24;;;;;;;;;Navamī;;21:29;;;;;;;;;;;;;;;;;;;;;;;;;;;;;;;;;;;;;
;;Daśamī;;;22;Apr;2021;;;;;22;Apr;2020;25;;;;;;;;;Daśamī;;21:29;;;;;;;;;;;;;;;;;;;;;;;;;;;;;;;;;;;;;
;;Ekādaśī;0:00;;23;Apr;2021;;;;;23;Apr;2020;26;;;;;;;;;Ekādaśī;21:29;21:29;;;;;;;0:00;;;;;;;;;;;;;;;;;;;;;;;;;;;;;;
;;Dvādaśī;0:00;;24;Apr;2021;;;;;24;Apr;2020;27;;N;;;;;;;Dvādaśī;21:29;21:29;;;;;;0:00;0:00;;;;;;;;;;;;;;;;;;;;;;;;;;;;;;
;;Trayodaśī;0:00;;25;Apr;2021;;;;;25;Apr;2020;28;;;;;;;;;Trayodaśī;21:29;21:29;;;;;;;;;;;;;;;;;;;;;;;;;;;;;;;;;;;;;
;;Chaturdaśī;;;26;Apr;2021;;;;;26;Apr;2020;29;;;;;;;;;Chaturdaśī;;21:29;;;;;;;;;;;;;;;;;;;;;;;;;;;;;;;;;;;;;
;;Pūrṇimā;0:00;;27;Apr;2021;;;;;27;Apr;2020;30;;;;;;;;;Pūrṇimā;21:29;21:29;;;;;;;;;;;;;;;;;;;;;;;;;;;;;;;;;;;;;
;;;;;28;Apr;2021;;;;;28;Apr;2020;;;;;;;;;;;;;;;;;;;;;;;;;;;;;;;;;;;;;;;;;;;;;;;;;
