Mās;Pak;Tithi;Start;End;Date;Mon;Year;A;K;Srise;Sset;Date;Mon;Year;VD;RT;Nakṣatra;Start;End;Date;Mon;Year;Day;Tithi;Start;End;Date;Mon;Year;Day;;;;;;;;;;;;;;;;;;;;;;;;;;;;;;;;;0
Viṣṇu;K;Pratipad;;13:44;26;Mar;2024;;;5:41;;29;Mar;2020;1;1;;;;;;;;Pratipad;;#REF!;;;;;;;;;;;;;;;;;;;;;;;;;;;;;;;;;;;;;
;;Dvitīya;;15:22;27;Mar;2024;;;5:40;;30;Mar;2020;2;2;;;;;;;;Dvitīya;;#REF!;;;;;;;;;;;;;;;;;;;;;;;;;;;;;;;;;;;;;
;;Tṛtīya;;16:36;28;Mar;2024;;;5:39;;31;Mar;2020;3;3;;;;;;;;Tṛtīya;;#REF!;;;;;;;;;;;;;;;;;;;;;;;;;;;;;;;;;;;;;
;;Chaturthī;;17:22;29;Mar;2024;;;5:38;;1;Apr;2020;4;4;;;;;;;;Chaturthī;;#REF!;;;;;;;;;;;;;;;;;;;;;;;;;;;;;;;;;;;;;
;;Pañchamī;;17:36;30;Mar;2024;;;5:37;;2;Apr;2020;5;5;;;;;;;;Pañchamī;;#REF!;;;;;;;;;;;;;;;;;;;;;;;;;;;;;;;;;;;;;
;;Śaṣṭhī;;17:20;31;Mar;2024;;;5:36;;3;Apr;2020;6;6;;;;;;;;Śaṣṭhī;;#REF!;;;;;;;;;;;;;;;;;;;;;;;;;;;;;;;;;;;;;
;;Saptamī;;16:34;1;Apr;2024;;;5:35;;4;Apr;2020;7;7;;;;;;;;Saptamī;;#REF!;;;;;;;;;;;;;;;;;;;;;;;;;;;;;;;;;;;;;
;;Aṣṭamī;;15:22;2;Apr;2024;;;5:34;;5;Apr;2020;8;8;;;;;;;;Aṣṭamī;;#REF!;;;;;;;;;;;;;;;;;;;;;;;;;;;;;;;;;;;;;
;;Navamī;;13:47;3;Apr;2024;;;5:33;;6;Apr;2020;9;9;;;;;;;;Navamī;;#REF!;;;;;;;;;;;;;;;;;;;;;;;;;;;;;;;;;;;;;
;;Daśamī;;11:52;4;Apr;2024;;;5:32;;7;Apr;2020;10;11;;;;;;;;Daśamī;;#REF!;;;;;;;;;;;;;;;;;;;;;;;;;;;;;;;;;;;;;
;;Ekādaśī;11:52;9:43;5;Apr;2024;;;5:31;17:50;8;Apr;2020;11;12;;;;;;;;Ekādaśī;#REF!;#REF!;;;;;;;;;;;;;;;;;;;;;;;;;;;;;;;;;;;;;
;;Dvādaśī;9:43;7:23;6;Apr;2024;;;5:30;;9;Apr;2020;12;13;X;;;;;;;Dvādaśī;#REF!;#REF!;;;;;;;;;;;;;;;;;;;;;;;;;;;;;;;;;;;;;
;;Trayodaśī;7:23;4:59;7;Apr;2024;K;;5:29;;10;Apr;2020;13;14;;;;;;;;Trayodaśī;#REF!;#REF!;;;;;;;;;;;;;;;;;;;;;;;;;;;;;;;;;;;;;
;;Chaturdaśī;;2:34;8;Apr;2024;;;5:28;;11;Apr;2020;14;14;;;;;;;;Chaturdaśī;;#REF!;;;;;;;;;;;;;;;;;;;;;;;;;;;;;;;;;;;;;
;;Amāvasyā;2:33;0:13;9;Apr;2024;;;5:27;;12;Apr;2020;15;15;;;;;;;;Amāvasyā;#REF!;#REF!;;;;;;;;;;;;;;;;;;;;;;;;;;;;;;;;;;;;;
Viṣṇu;G;Pratipad;;22:01;9;Apr;2024;;;5:27;;13;Apr;2020;16;1;;;;;;;;Pratipad;;#REF!;;;;;;;;;;;;;;;;;;;;;;;;;;;;;;;;;;;;;
;;Dvitīya;;20:02;10;Apr;2024;;;5:26;;14;Apr;2020;17;2;;;;;;;;Dvitīya;;#REF!;;;;;;;;;;;;;;;;;;;;;;;;;;;;;;;;;;;;;
;;Tṛtīya;;18:21;11;Apr;2024;;;5:25;;27;Mar;2020;18;3;;;;;;;;Tṛtīya;;#REF!;;;;;;;;;;;;;;;;;;;;;;;;;;;;;;;;;;;;;
;;Chaturthī;;17:03;12;Apr;2024;;;5:24;;28;Mar;2020;19;4;Kritika until 5:12;;;;;;;Chaturthī;;#REF!;;;;;;;;;;;;;;;;;;;;;;;;;;;;;;;;;;;;;
;;Pañchamī;;16:12;13;Apr;2024;;;5:23;;29;Mar;2020;20;5;Rohini until 4:43;;;;;;;Pañchamī;;#REF!;;;;;;;;;;;;;;;;;;;;;;;;;;;;;;;;;;;;;
;;Śaṣṭhī;;15:46;14;Apr;2024;;;5:22;;30;Mar;2020;21;6;;;;;;;;Śaṣṭhī;;#REF!;;;;;;;;;;;;;;;;;;;;;;;;;;;;;;;;;;;;;
;;Saptamī;;15:52;15;Apr;2024;;;5:21;;31;Mar;2020;22;7;;;;;;;;Saptamī;;#REF!;;;;;;;;;;;;;;;;;;;;;;;;;;;;;;;;;;;;;
;;Aṣṭamī;;16:28;16;Apr;2024;;;5:20;;1;Apr;2020;23;8;;;;;;;;Aṣṭamī;;#REF!;;;;;;;;;;;;;;;;;;;;;;;;;;;;;;;;;;;;;
;;Navamī;;17:35;17;Apr;2024;;;5:19;;2;Apr;2020;24;9;;;;;;;;Navamī;;#REF!;;;;;;;;;;;;;;;;;;;;;;;;;;;;;;;;;;;;;
;;Daśamī;;19:06;18;Apr;2024;;;5:18;;3;Apr;2020;25;10;;;;;;;;Daśamī;;#REF!;;;;;;;;;;;;;;;;;;;;;;;;;;;;;;;;;;;;;
;;Ekādaśī;19:06;20:56;19;Apr;2024;;;5:17;;4;Apr;2020;26;11;;;;;;;;Ekādaśī;#REF!;#REF!;;;;;;;#REF!;;;;;;;;;;;;;;;;;;;;;;;;;;;;;;
;;Dvādaśī;20:56;22:58;20;Apr;2024;;;5:17;17:56;5;Apr;2020;27;12;N;;;;;;;Dvādaśī;#REF!;#REF!;;;;;;#REF!;#REF!;;;;;;;;;;;;;;;;;;;;;;;;;;;;;;
;;Trayodaśī;22:58;1:02;22;Apr;2024;;;5:15;17:57;6;Apr;2020;28;13;;;;;;;;Trayodaśī;#REF!;#REF!;;;;;;;;;;;;;;;;;;;;;;;;;;;;;;;;;;;;;
;;Chaturdaśī;;2:56;23;Apr;2024;;;5:14;;7;Apr;2020;29;14;;;;;;;;Chaturdaśī;;#REF!;;;;;;;;;;;;;;;;;;;;;;;;;;;;;;;;;;;;;
;;Pūrṇimā;2:55;4:32;24;Apr;2024;;;5:13;;8;Apr;2020;30;15;;;;;;;;Pūrṇimā;#REF!;#REF!;;;;;;;;;;;;;;;;;;;;;;;;;;;;;;;;;;;;;
;;;;;;;;;;;;;;;;;;;;;;;;;;;;;;;;;;;;;;;;;;;;;;;;;;;;;;;;;;;;;;;
;;;;;;;;;;;;;;;;;;;;;;;;;;;;;;;;;;;;;;;;;;;;;;;;;;;;;;;;;;;;;;;
;;;;;;;;;;;;;;;;;;;;;;;;;;;;;;;;;;;;;;;;;;;;;;;;;;;;;;;;;;;;;;;
Mās;Pak;Tithi;Start;End;Date;Mon;Year;A;K;Srise;Sset;Date;Mon;Year;VD;RT;Nakṣatra;Start;End;Date;Mon;Year;Day;Tithi;Start;End;Date;Mon;Year;Day;;;;;;;;;;;;;;;;;;;;;;;;;;;;;;;;;0
Madhusūdan;K;Pratipad;;5:44;25;Apr;2024;A;;5:13;;;Apr;2020;1;1;;;;;;;;Pratipad;;#REF!;;;;;;;;;;;;;;;;;;;;;;;;;;;;;;;;;;;;;
;;Dvitīya;;6:28;26;Apr;2024;;;5:12;;;Apr;2020;2;2;;;;;;;;;;;;;;;;;;;;;;;;;;;;;;;;;;;;;;;;;;;;;;;
;;Tṛtīya;;6:40;27;Apr;2024;;;5:11;;;Apr;2020;3;4;;;;;;;;Tṛtīya;;#REF!;;;;;;;;;;;;;;;;;;;;;;;;;;;;;;;;;;;;;
;;Chaturthī;;6:22;28;Apr;2024;;;5:11;;;Apr;2020;4;5;;;;;;;;Chaturthī;;#REF!;;;;;;;;;;;;;;;;;;;;;;;;;;;;;;;;;;;;;
;;Pañchamī;;5:36;29;Apr;2024;;;5:10;;;Apr;2020;5;6;;;;;;;;Pañchamī;;#REF!;;;;;;;;;;;;;;;;;;;;;;;;;;;;;;;;;;;;;
;;Śaṣṭhī;;4:22;30;Apr;2024;;;5:09;;;Apr;2020;6;7;;;;;;;;Śaṣṭhī;;#REF!;;;;;;;;;;;;;;;;;;;;;;;;;;;;;;;;;;;;;
;;Saptamī;;2:45;1;May;2024;;;5:09;;;Apr;2020;7;8;;;;;;;;Saptamī;;#REF!;;;;;;;;;;;;;;;;;;;;;;;;;;;;;;;;;;;;;
;;Aṣṭamī;;0:49;2;May;2024;;;5:08;;;Apr;2020;8;9;;;;;;;;Aṣṭamī;;#REF!;;;;;;;;;;;;;;;;;;;;;;;;;;;;;;;;;;;;;
;;Navamī;;22:38;2;May;2024;;;5:08;;;Apr;2020;9;10;;;;;;;;Navamī;;#REF!;;;;;;;;;;;;;;;;;;;;;;;;;;;;;;;;;;;;;
;;Daśamī;;20:18;3;May;2024;;;5:07;;15;Apr;2023;10;11;;;;;;;;Daśamī;;#REF!;;;;;;;;;;;;;;;;;;;;;;;;;;;;;;;;;;;;;
;;Ekādaśī;20:18;17:51;4;May;2024;;;5:07;;16;Apr;2023;11;12;;;;;;;;Ekādaśī;#REF!;#REF!;;;;;;;;;;;;;;;;;;;;;;;;;;;;;;;;;;;;;
;;Dvādaśī;17:51;15:24;5;May;2024;;;5:06;18:02;17;Apr;2023;12;13;;;;;;;;Dvādaśī;#REF!;#REF!;;;;;;;;;;;;;;;;;;;;;;;;;;;;;;;;;;;;;
;;Trayodaśī;15:24;13:02;6;May;2024;;;5:05;;18;Apr;2023;13;14;;;;;;;;Trayodaśī;#REF!;#REF!;;;;;;;;;;;;;;;;;;;;;;;;;;;;;;;;;;;;;
;;Chaturdaśī;;10:48;7;May;2024;;;5:05;;19;Apr;2023;14;14;;;;;;;;Chaturdaśī;;#REF!;;;;;;;;;;;;;;;;;;;;;;;;;;;;;;;;;;;;;
;;Amāvasyā;10:48;8:48;8;May;2024;;;5:04;;20;Apr;2023;15;15;;;;;;;;Amāvasyā;#REF!;#REF!;;;;;;;;;;;;;;;;;;;;;;;;;;;;;;;;;;;;;
Madhusūdan;G;Pratipad;;7:05;9;May;2024;;;5:04;;21;Apr;2023;16;1;;;;;;;;Pratipad;;#REF!;;;;;;;;;;;;;;;;;;;;;;;;;;;;;;;;;;;;;
;;Dvitīya;;5:45;10;May;2024;;;5:03;;22;Apr;2023;17;2;;;;;;;;Dvitīya;;#REF!;;;;;;;;;;;;;;;;;;;;;;;;;;;;;;;;;;;;;
;;Tṛtīya;;4:51;11;May;2024;;;5:03;;23;Apr;2023;18;3;;;;;;;;Tṛtīya;;#REF!;;;;;;;;;;;;;;;;;;;;;;;;;;;;;;;;;;;;;
;;Chaturthī;;4:24;12;May;2024;;;5:02;;24;Apr;2023;19;4;;;;;;;;Chaturthī;;#REF!;;;;;;;;;;;;;;;;;;;;;;;;;;;;;;;;;;;;;
;;Pañchamī;;4:28;13;May;2024;;;5:01;;25;Apr;2023;20;5;;;;;;;;Pañchamī;;#REF!;;;;;;;;;;;;;;;;;;;;;;;;;;;;;;;;;;;;;
;;Śaṣṭhī;;5:02;14;May;2024;A;;5:01;;26;Apr;2023;21;6;;;;;;;;Śaṣṭhī;;#REF!;;;;;;;;;;;;;;;;;;;;;;;;;;;;;;;;;;;;;
;;Saptamī;;6:06;15;May;2024;;;5:00;;27;Apr;2023;22;7;;;;;;;;Saptamī;;#REF!;;;;;;;;;;;;;;;;;;;;;;;;;;;;;;;;;;;;;
;;Aṣṭamī;;7:34;16;May;2024;;;5:00;;28;Apr;2023;23;8;;;;;;;;Aṣṭamī;;#REF!;;;;;;;;;;;;;;;;;;;;;;;;;;;;;;;;;;;;;
;;Navamī;;9:22;17;May;2024;;;4:59;;29;Apr;2023;24;9;;;;;;;;Navamī;;#REF!;;;;;;;;;;;;;;;;;;;;;;;;;;;;;;;;;;;;;
;;Daśamī;;11:23;18;May;2024;;;4:59;;30;Apr;2023;25;11;;;;;;;;Daśamī;;#REF!;;;;;;;;;;;;;;;;;;;;;;;;;;;;;;;;;;;;;
;;Ekādaśī;11:23;13:24;19;May;2024;;;4:58;;1;May;2023;26;12;;;;;;;;Ekādaśī;#REF!;#REF!;;;;;;;#REF!;;;;;;;;;;;;;;;;;;;;;;;;;;;;;;
;;Dvādaśī;13:24;15:17;20;May;2024;;;4:58;18:10;2;May;2023;27;13;;;;;;;;Dvādaśī;#REF!;#REF!;;;;;;#REF!;#REF!;;;;;;;;;;;;;;;;;;;;;;;;;;;;;;
;;Trayodaśī;15:17;16:52;21;May;2024;;;4:57;;3;May;2023;28;14;;;;;;;;Trayodaśī;#REF!;#REF!;;;;;;;;;;;;;;;;;;;;;;;;;;;;;;;;;;;;;
;;Chaturdaśī;;18:04;22;May;2024;;;4:57;;4;May;2023;29;15;;;;;;;;Chaturdaśī;;#REF!;;;;;;;;;;;;;;;;;;;;;;;;;;;;;;;;;;;;;
;;Pūrṇimā;18:04;18:48;23;May;2024;;;4:57;;5;May;2023;;;;;;;;;;Pūrṇimā;#REF!;#REF!;;;;;;;;;;;;;;;;;;;;;;;;;;;;;;;;;;;;;
;;;;;;;;;;;;;;;;;;;;;;;;;;;;;;;;;;;;;;;;;;;;;;;;;;;;;;;;;;;;;;;
;;;;;;;;;;;;;;;;;;;;;;;;;;;;;;;;;;;;;;;;;;;;;;;;;;;;;;;;;;;;;;;
Mās;Pak;Tithi;Start;End;Date;Mon;Year;A;K;Srise;Sset;Date;Mon;Year;VD;RT;Nakṣatra;Start;End;Date;Mon;Year;Day;Tithi;Start;End;Date;Mon;Year;Day;;;;;;;;;;;;;;;;;;;;;;;;;;;;;;;;;0
Trivikram;K;Pratipad;;19:00;24;May;2024;;;4:57;;6;May;2020;1;1;;;;;;;;Pratipad;;#VALUE!;;;;;;;;;;;;;;;;;;;;;;;;;;;;;;;;;;;;;
;;Dvitīya;;18:42;25;May;2024;;;4:57;;7;May;2020;2;2;;;;;;;;Dvitīya;;#VALUE!;;;;;;;;;;;;;;;;;;;;;;;;;;;;;;;;;;;;;
;;Tṛtīya;;17:55;26;May;2024;;;4:56;;8;May;2020;3;3;;;;;;;;Tṛtīya;;#VALUE!;;;;;;;;;;;;;;;;;;;;;;;;;;;;;;;;;;;;;
;;Chaturthī;;16:42;27;May;2024;;;4:56;;9;May;2020;4;4;;;;;;;;Chaturthī;;#VALUE!;;;;;;;;;;;;;;;;;;;;;;;;;;;;;;;;;;;;;
;;Pañchamī;;15:05;28;May;2024;;;4:56;;10;May;2020;5;5;;;;;;;;Pañchamī;;#VALUE!;;;;;;;;;;;;;;;;;;;;;;;;;;;;;;;;;;;;;
;;Śaṣṭhī;;13:09;29;May;2024;;;4:56;;11;May;2020;6;6;;;;;;;;Śaṣṭhī;;#VALUE!;;;;;;;;;;;;;;;;;;;;;;;;;;;;;;;;;;;;;
;;Saptamī;;10:58;30;May;2024;;;4:56;;12;May;2020;7;7;;;;;;;;Saptamī;;#VALUE!;;;;;;;;;;;;;;;;;;;;;;;;;;;;;;;;;;;;;
;;Aṣṭamī;;9:01;31;May;2024;;;4:56;;13;May;2020;8;8;;;;;;;;Aṣṭamī;;#VALUE!;;;;;;;;;;;;;;;;;;;;;;;;;;;;;;;;;;;;;
;;Navamī;;6:09;1;Jun;2024;;;4:56;;14;May;2020;9;9;;;;;;;;Navamī;;#VALUE!;;;;;;;;;;;;;;;;;;;;;;;;;;;;;;;;;;;;;
;;Daśamī;;3:41;2;Jun;2024;;;4:56;;15;May;2020;10;10;;;;;;;;Daśamī;;#VALUE!;;;;;;;;;;;;;;;;;;;;;;;;;;;;;;;;;;;;;
;;Ekādaśī;3:41;1:17;3;Jun;2024;;;4:56;;16;May;2020;11;11;;;;;;;;Ekādaśī;#VALUE!;#VALUE!;;;;;;;;;;;;;;;;;;;;;;;;;;;;;;;;;;;;;
;;Dvādaśī;1:17;23:02;3;Jun;2024;;;4:56;18:15;17;May;2020;12;12;X;;;;;;;Dvādaśī;#VALUE!;#VALUE!;;;;;;;;;;;;;;;;;;;;;;;;;;;;;;;;;;;;;
;;Trayodaśī;23:02;21:00;4;Jun;2024;;;4:56;18:16;18;May;2020;13;13;;;;;;;;Trayodaśī;#VALUE!;#VALUE!;;;;;;;;;;;;;;;;;;;;;;;;;;;;;;;;;;;;;
;;Chaturdaśī;;19:15;5;Jun;2024;;;4:56;;19;May;2020;14;14;;;;;;;;Chaturdaśī;;#VALUE!;;;;;;;;;;;;;;;;;;;;;;;;;;;;;;;;;;;;;
;;Amāvasyā;19:14;17:53;6;Jun;2024;;;4:56;;22;May;2020;15;15;;;;;;;;Amāvasyā;#VALUE!;#VALUE!;;;;;;;;;;;;;;;;;;;;;;;;;;;;;;;;;;;;;
Trivikram;G;Pratipad;;16:55;7;Jun;2024;;;4:56;;23;May;2020;16;1;;;;;;;;Pratipad;;#VALUE!;;;;;;;;;;;;;;;;;;;;;;;;;;;;;;;;;;;;;
;;Dvitīya;;16:25;8;Jun;2024;;;4:56;;24;May;2020;17;2;;;;;;;;Dvitīya;;#VALUE!;;;;;;;;;;;;;;;;;;;;;;;;;;;;;;;;;;;;;
;;Tṛtīya;;16:27;9;Jun;2024;;;4:56;;25;May;2020;18;3;;;;;;;;Tṛtīya;;#VALUE!;;;;;;;;;;;;;;;;;;;;;;;;;;;;;;;;;;;;;
;;Chaturthī;;16:58;10;Jun;2024;;;4:56;;26;May;2020;19;4;;;;;;;;Chaturthī;;#VALUE!;;;;;;;;;;;;;;;;;;;;;;;;;;;;;;;;;;;;;
;;Pañchamī;;18:00;11;Jun;2024;;;4:56;;27;May;2020;20;5;;;;;;;;Pañchamī;;#VALUE!;;;;;;;;;;;;;;;;;;;;;;;;;;;;;;;;;;;;;
;;Śaṣṭhī;;19:26;12;Jun;2024;;;4:56;;28;May;2020;21;6;;;;;;;;Śaṣṭhī;;#VALUE!;;;;;;;;;;;;;;;;;;;;;;;;;;;;;;;;;;;;;
;;Saptamī;;21:13;13;Jun;2024;;;4:56;;29;May;2020;22;7;;;;;;;;Saptamī;;#VALUE!;;;;;;;;;;;;;;;;;;;;;;;;;;;;;;;;;;;;;
;;Aṣṭamī;;23:11;14;Jun;2024;;;4:56;;30;May;2020;23;8;;;;;;;;Aṣṭamī;;#VALUE!;;;;;;;;;;;;;;;;;;;;;;;;;;;;;;;;;;;;;
;;Navamī;;1:12;16;Jun;2024;;;4:55;;31;May;2020;24;9;;;;;;;;Navamī;;#VALUE!;;;;;;;;;;;;;;;;;;;;;;;;;;;;;;;;;;;;;
;;Daśamī;;3:05;17;Jun;2024;;;4:55;;1;Jun;2020;25;10;;;;;;;;Daśamī;;#VALUE!;;;;;;;;;;;;;;;;;;;;;;;;;;;;;;;;;;;;;
;;Ekādaśī;3:05;4:40;18;Jun;2024;;;4:55;;2;Jun;2020;26;11;;;;;;;;Ekādaśī;#VALUE!;#VALUE!;;;;;;;0:00;;;;;;;;;;;;;;;;;;;;;;;;;;;;;;
;;Dvādaśī;4:40;5:52;19;Jun;2024;A;;4:55;18:22;3;Jun;2020;27;12;N;;;;;;;Dvādaśī;#VALUE!;#VALUE!;;;;;;0:00;0:00;;;;;;;;;;;;;;;;;;;;;;;;;;;;;;
;;Trayodaśī;5:52;6:37;20;Jun;2024;;;4:55;18:22;4;Jun;2020;28;13;;;;;;;;Trayodaśī;#VALUE!;#VALUE!;;;;;;;;;;;;;;;;;;;;;;;;;;;;;;;;;;;;;
;;Chaturdaśī;;6:50;21;Jun;2024;;;4:55;18:23;5;Jun;2020;29;15;;;;;;;;Chaturdaśī;;#VALUE!;;;;;;;;;;;;;;;;;;;;;;;;;;;;;;;;;;;;;
;;Pūrṇimā;6:49;6:33;22;Jun;2024;;;4:55;;;;;;;;;;;;;;Pūrṇimā;#VALUE!;#VALUE!;;;;;;;;;;;;;;;;;;;;;;;;;;;;;;;;;;;;;
;;;;;;;;;;;;;;;;;;;;;;;;;;;;;;;;;;;;;;;;;;;;;;;;;;;;;;;;;;;;;;;
;;;;;;;;;;;;;;;;;;;;;;;;;;;;;;;;;;;;;;;;;;;;;;;;;;;;;;;;;;;;;;;
Mās;Pak;Tithi;Start;End;Date;Mon;Year;A;K;Srise;Sset;Date;Mon;Year;VD;RT;Nakṣatra;Start;End;Date;Mon;Year;Day;Tithi;Start;End;Date;Mon;Year;Day;;;;;;;;;;;;;;;;;;;;;;;;;;;;;;;;;0
Vāman;K;Pratipad;;5:46;23;Jun;2024;;;4:55;;6;Jun;2020;1;1;;;;;;;;Pratipad;;#REF!;;;;;;;;;;;;;;;;;;;;;;;;;;;;;;;;;;;;;
;;Dvitīya;;4:33;24;Jun;2024;;K;4:56;;7;Jun;2020;2;2;;;;;;;;Dvitīya;;#REF!;;;;;;;;;;;;;;;;;;;;;;;;;;;;;;;;;;;;;
;;Tṛtīya;;2:57;25;Jun;2024;;;4:56;;8;Jun;2020;3;3;;;;;;;;Tṛtīya;;#REF!;;;;;;;;;;;;;;;;;;;;;;;;;;;;;;;;;;;;;
;;Chaturthī;;1:02;26;Jun;2024;;;4:57;;9;Jun;2020;4;4;;;;;;;;Chaturthī;;#REF!;;;;;;;;;;;;;;;;;;;;;;;;;;;;;;;;;;;;;
;;Pañchamī;;22:52;26;Jun;2024;;;4:57;;10;Jun;2020;5;5;;;;;;;;Pañchamī;;#REF!;;;;;;;;;;;;;;;;;;;;;;;;;;;;;;;;;;;;;
;;Śaṣṭhī;;20:31;27;Jun;2024;;;4:57;;11;Jun;2020;6;6;;;;;;;;Śaṣṭhī;;#REF!;;;;;;;;;;;;;;;;;;;;;;;;;;;;;;;;;;;;;
;;Saptamī;;18:04;28;Jun;2024;;;4:58;;12;Jun;2020;7;7;;;;;;;;Saptamī;;#REF!;;;;;;;;;;;;;;;;;;;;;;;;;;;;;;;;;;;;;
;;Aṣṭamī;;15:35;29;Jun;2024;;;4:58;;13;Jun;2020;8;8;;;;;;;;Aṣṭamī;;#REF!;;;;;;;;;;;;;;;;;;;;;;;;;;;;;;;;;;;;;
;;Navamī;;13:10;30;Jun;2024;;;4:59;;14;Jun;2020;9;9;;;;;;;;Navamī;;#REF!;;;;;;;;;;;;;;;;;;;;;;;;;;;;;;;;;;;;;
;;Daśamī;;10:34;1;Jul;2024;;;4:59;;15;Jun;2020;10;10;;;;;;;;Daśamī;;#REF!;;;;;;;;;;;;;;;;;;;;;;;;;;;;;;;;;;;;;
;;Ekādaśī;10:34;8:50;2;Jul;2024;;;4:59;;16;Jun;2020;11;10;;;;;;;;Ekādaśī;#REF!;#REF!;;;;;;;;;;;;;;;;;;;;;;;;;;;;;;;;;;;;;
;;Dvādaśī;8:50;7:03;3;Jul;2024;;;5:00;18:23;17;Jun;2020;12;11;;;;;;;;Dvādaśī;#REF!;#REF!;;;;;;;;;;;;;;;;;;;;;;;;;;;;;;;;;;;;;
;;Trayodaśī;7:03;5:38;4;Jul;2024;;;5:00;18:23;18;Jun;2020;13;12;;;;;;;;Trayodaśī;#REF!;#REF!;;;;;;;;;;;;;;;;;;;;;;;;;;;;;;;;;;;;;
;;Chaturdaśī;;4:38;5;Jul;2024;;K;5:01;;19;Jun;2020;14;13;;;;;;;;Chaturdaśī;;#REF!;;;;;;;;;;;;;;;;;;;;;;;;;;;;;;;;;;;;;
;;Amāvasyā;4:38;4:06;6;Jul;2024;;;5:01;;20;Jun;2020;15;14;;;;;;;;Amāvasyā;#REF!;#REF!;;;;;;;;;;;;;;;;;;;;;;;;;;;;;;;;;;;;;
Vāman;G;Pratipad;;4:04;7;Jul;2024;;;5:01;;21;Jun;2020;16;15;;;;;;;;Pratipad;;#REF!;;;;;;;;;;;;;;;;;;;;;;;;;;;;;;;;;;;;;
;;Dvitīya;;4:33;8;Jul;2024;;;5:02;;22;Jun;2020;17;1;;;;;;;;Dvitīya;;#REF!;;;;;;;;;;;;;;;;;;;;;;;;;;;;;;;;;;;;;
;;Tṛtīya;;5:32;9;Jul;2024;A;;5:02;;23;Jun;2020;18;2;;;;;;;;Tṛtīya;;#REF!;;;;;;;;;;;;;;;;;;;;;;;;;;;;;;;;;;;;;
;;Chaturthī;;6:57;10;Jul;2024;;;5:02;;24;Jun;2020;19;3;;;;;;;;Chaturthī;;#REF!;;;;;;;;;;;;;;;;;;;;;;;;;;;;;;;;;;;;;
;;Pañchamī;;8:42;11;Jul;2024;;;5:03;;25;Jun;2020;20;4;;;;;;;;Pañchamī;;#REF!;;;;;;;;;;;;;;;;;;;;;;;;;;;;;;;;;;;;;
;;Śaṣṭhī;;10:39;12;Jul;2024;;;5:03;;26;Jun;2020;21;5;;;;;;;;Śaṣṭhī;;#REF!;;;;;;;;;;;;;;;;;;;;;;;;;;;;;;;;;;;;;
;;Saptamī;;12:41;13;Jul;2024;;;5:03;;27;Jun;2020;22;7;;;;;;;;Saptamī;;#REF!;;;;;;;;;;;;;;;;;;;;;;;;;;;;;;;;;;;;;
;;Aṣṭamī;;14:34;14;Jul;2024;;;5:04;;28;Jun;2020;23;8;;;;;;;;Aṣṭamī;;#REF!;;;;;;;;;;;;;;;;;;;;;;;;;;;;;;;;;;;;;
;;Navamī;;16:11;15;Jul;2024;;;5:04;;29;Jun;2020;24;9;;;;;;;;Navamī;;#REF!;;;;;;;;;;;;;;;;;;;;;;;;;;;;;;;;;;;;;
;;Daśamī;;17:25;16;Jul;2024;;;5:04;;30;Jun;2020;25;10;;;;;;;;Daśamī;;#REF!;;;;;;;;;;;;;;;;;;;;;;;;;;;;;;;;;;;;;
;;Ekādaśī;17:25;18:12;17;Jul;2024;;;5:05;;1;Jul;2020;26;11;;;;;;;;Ekādaśī;#REF!;#REF!;;;;;;;#REF!;;;;;;;;;;;;;;;;;;;;;;;;;;;;;;
;;Dvādaśī;18:12;18:27;18;Jul;2024;;;5:05;18:22;2;Jul;2020;27;12;;;;;;;;Dvādaśī;#REF!;#REF!;;;;;;#REF!;#REF!;;;;;;;;;;;;;;;;;;;;;;;;;;;;;;
;;Trayodaśī;18:27;18:12;19;Jul;2024;;;5:05;;3;Jul;2020;28;13;;;;;;;;Trayodaśī;#REF!;#REF!;;;;;;;;;;;;;;;;;;;;;;;;;;;;;;;;;;;;;
;;Chaturdaśī;;18:40;20;Jul;2024;;;5:06;;4;Jul;2020;29;14;;;;;;;;Chaturdaśī;;#REF!;;;;;;;;;;;;;;;;;;;;;;;;;;;;;;;;;;;;;
;;Pūrṇimā;18:40;16:16;21;Jul;2024;;;5:06;;5;Jul;2020;30;15;;;;;;;;Pūrṇimā;#REF!;#REF!;;;;;;;;;;;;;;;;;;;;;;;;;;;;;;;;;;;;;
;;;;;;;;;;;;;;;;;;;;;;;;;;;;;;;;;;;;;;;;;;;;;;;;;;;;;;;;;;;;;;;
;;;;;;;;;;;;;;;;;;;;;;;;;;;;;;;;;;;;;;;;;;;;;;;;;;;;;;;;;;;;;;;
Mās;Pak;Tithi;Start;End;Date;Mon;Year;A;K;Srise;Sset;Date;Mon;Year;VD;RT;Nakṣatra;Start;End;Date;Mon;Year;Day;Tithi;Start;End;Date;Mon;Year;Day;;;;;;;;;;;;;;;;;;;;;;;;;;;;;;;;;0
Śrīdhar;K;Pratipad;;14:41;22;Jul;2024;;;5:06;;6;Jul;2020;1;1;;;;;;;;Pratipad;;#REF!;;;;;;;;;;;;;;;;;;;;;;;;;;;;;;;;;;;;;
;;Dvitīya;;12:47;23;Jul;2024;;;5:07;;7;Jul;2020;2;2;;;;;;;;Dvitīya;;#REF!;;;;;;;;;;;;;;;;;;;;;;;;;;;;;;;;;;;;;
;;Tṛtīya;;10:37;24;Jul;2024;;;5:07;;8;Jul;2020;3;3;;;;;;;;Tṛtīya;;#REF!;;;;;;;;;;;;;;;;;;;;;;;;;;;;;;;;;;;;;
;;Chaturthī;;8:17;25;Jul;2024;;;5:07;;9;Jul;2020;4;4;;;;;;;;Chaturthī;;#REF!;;;;;;;;;;;;;;;;;;;;;;;;;;;;;;;;;;;;;
;;Pañchamī;;5:50;26;Jul;2024;;K;5:08;;10;Jul;2020;5;5;;;;;;;;Pañchamī;;#REF!;;;;;;;;;;;;;;;;;;;;;;;;;;;;;;;;;;;;;
;;Śaṣṭhī;;3:21;27;Jul;2024;;;5:08;;11;Jul;2020;6;6;;;;;;;;Śaṣṭhī;;#REF!;;;;;;;;;;;;;;;;;;;;;;;;;;;;;;;;;;;;;
;;Saptamī;;0:56;28;Jul;2024;;;5:08;;12;Jul;2020;7;7;;;;;;;;Saptamī;;#REF!;;;;;;;;;;;;;;;;;;;;;;;;;;;;;;;;;;;;;
;;Aṣṭamī;;22:39;28;Jul;2024;;;5:09;;13;Jul;2020;8;8;;;;;;;;Aṣṭamī;;#REF!;;;;;;;;;;;;;;;;;;;;;;;;;;;;;;;;;;;;;
;;Navamī;;20:35;29;Jul;2024;;;5:09;;14;Jul;2020;9;9;;;;;;;;Navamī;;#REF!;;;;;;;;;;;;;;;;;;;;;;;;;;;;;;;;;;;;;
;;Daśamī;;18:47;30;Jul;2024;;;5:10;;15;Jul;2020;10;10;;;;;;;;Daśamī;;#REF!;;;;;;;;;;;;;;;;;;;;;;;;;;;;;;;;;;;;;
;;Ekādaśī;18:47;17:22;31;Jul;2024;;;5:10;;16;Jul;2020;11;11;;;;;;;;Ekādaśī;#REF!;#REF!;;;;;;;;;;;;;;;;;;;;;;;;;;;;;;;;;;;;;
;;Dvādaśī;17:22;16:19;1;Aug;2024;;;5:11;18:17;17;Jul;2020;12;12;;;;;;;;Dvādaśī;#REF!;#REF!;;;;;;;;;;;;;;;;;;;;;;;;;;;;;;;;;;;;;
;;Trayodaśī;16:19;15:46;2;Aug;2024;;;5:11;;18;Jul;2020;13;13;;;;;;;;Trayodaśī;#REF!;#REF!;;;;;;;;;;;;;;;;;;;;;;;;;;;;;;;;;;;;;
;;Chaturdaśī;;15:42;3;Aug;2024;;;5:12;;19;Jul;2020;14;14;;;;;;;;Chaturdaśī;;#REF!;;;;;;;;;;;;;;;;;;;;;;;;;;;;;;;;;;;;;
;;Amāvasyā;15:42;16:09;4;Aug;2024;;;5:12;;20;Jul;2020;15;15;;;;;;;;Amāvasyā;#REF!;#REF!;;;;;;;;;;;;;;;;;;;;;;;;;;;;;;;;;;;;;
Śrīdhar;G;Pratipad;;17:07;5;Aug;2024;;;5:12;;19;Aug;2020;16;15;;;;;;;;Pratipad;;#REF!;;;;;;;;;;;;;;;;;;;;;;;;;;;;;;;;;;;;;
;;Dvitīya;;18:30;6;Aug;2024;;;5:13;;20;Aug;2020;17;1;;;;;;;;Dvitīya;;#REF!;;;;;;;;;;;;;;;;;;;;;;;;;;;;;;;;;;;;;
;;Tṛtīya;;20:14;7;Aug;2024;;;5:13;;21;Aug;2020;18;3;;;;;;;;Tṛtīya;;#REF!;;;;;;;;;;;;;;;;;;;;;;;;;;;;;;;;;;;;;
;;Chaturthī;;22:12;8;Aug;2024;;;5:14;;22;Aug;2020;19;4;;;;;;;;Chaturthī;;#REF!;;;;;;;;;;;;;;;;;;;;;;;;;;;;;;;;;;;;;
;;Pañchamī;;0:14;10;Aug;2024;;;5:14;;23;Aug;2020;20;5;;;;;;;;Pañchamī;;#REF!;;;;;;;;;;;;;;;;;;;;;;;;;;;;;;;;;;;;;
;;Śaṣṭhī;;2:09;11;Aug;2024;;;5:15;;24;Aug;2020;21;6;;;;;;;;Śaṣṭhī;;#REF!;;;;;;;;;;;;;;;;;;;;;;;;;;;;;;;;;;;;;
;;Saptamī;;3:49;12;Aug;2024;;;5:15;;25;Aug;2020;22;7;;;;;;;;Saptamī;;#REF!;;;;;;;;;;;;;;;;;;;;;;;;;;;;;;;;;;;;;
;;Aṣṭamī;;5:05;13;Aug;2024;;;5:16;;26;Aug;2020;23;8;;;;;;;;Aṣṭamī;;#REF!;;;;;;;;;;;;;;;;;;;;;;;;;;;;;;;;;;;;;
;;Navamī;;5:55;14;Aug;2024;A;;5:16;;27;Aug;2020;24;9;;;;;;;;Navamī;;#REF!;;;;;;;;;;;;;;;;;;;;;;;;;;;;;;;;;;;;;
;;Daśamī;;6:13;15;Aug;2024;;;5:16;;28;Aug;2020;25;10;;;;;;;;Daśamī;;#REF!;;;;;;;;;;;;;;;;;;;;;;;;;;;;;;;;;;;;;
;;Ekādaśī;6:13;6:05;16;Aug;2024;;;5:16;18:07;29;Aug;2020;26;11;;;;;;;;Ekādaśī;#REF!;#REF!;;;;;;;#REF!;;;;;;;;;;;;;;;;;;;;;;;;;;;;;;
;;Dvādaśī;6:05;5:19;17;Aug;2024;;;5:17;18:06;30;Aug;2020;27;12;;;;;;;;Dvādaśī;#REF!;#REF!;;;;;;#REF!;#REF!;;;;;;;;;;;;;;;;;;;;;;;;;;;;;;
;;Trayodaśī;5:19;4:10;18;Aug;2024;;;5:17;;31;Aug;2020;28;13;;;;;;;28;Trayodaśī;#REF!;#REF!;;;;;;;;;;;;;;;;;;;;;;;;;;;;;;;;;;;;;
;;Chaturdaśī;;2:37;19;Aug;2024;;;5:17;;1;Sep;2020;29;14;;;;;;;;Chaturdaśī;;#REF!;;;;;;;;;;;;;;;;;;;;;;;;;;;;;;;;;;;;;
;;Pūrṇimā;2:37;0:44;20;Aug;2024;;;5:18;;2;Sep;2020;30;15;;;;;;;;Pūrṇimā;#REF!;#REF!;;;;;;;;;;;;;;;;;;;;;;;;;;;;;;;;;;;;;
;;;;;;;;;;;;;;;;;;;;;;;;;;;;;;;;;;;;;;;;;;;;;;;;;;;;;;;;;;;;;;;
;;;;;;;;;;;;;;;;;;;;;;;;;;;;;;;;;;;;;;;;;;;;;;;;;;;;;;;;;;;;;;;
Mās;Pak;Tithi;Start;End;Date;Mon;Year;;VD;Srise;Sset;Date;Mon;Year;VD;RT;Nakṣatra;Start;End;Date;Mon;Year;Day;Tithi;Start;End;Date;Mon;Year;Day;;;;;;;;;;;;;;;;;;;;;;;;;;;;;;;;;0
Hṛṣīkeś;K;Pratipad;;22:36;20;Aug;2024;;;5:18;;3;Sep;2020;1;1;;;;;;;;Pratipad;;#REF!;;;;;;;;;;;;;;;;;;;;;;;;;;;;;;;;;;;;;
;;Dvitīya;;20:16;21;Aug;2024;;;5:18;;4;Sep;2020;2;2;;;;;;;;Dvitīya;;#REF!;;;;;;;;;;;;;;;;;;;;;;;;;;;;;;;;;;;;;
;;Tṛtīya;;17:50;22;Aug;2024;;;5:18;;5;Sep;2020;3;3;;;;;;;;Tṛtīya;;#REF!;;;;;;;;;;;;;;;;;;;;;;;;;;;;;;;;;;;;;
;;Chaturthī;;15:22;23;Aug;2024;;;5:18;;6;Sep;2020;4;4;;;;;;;;Chaturthī;;#REF!;;;;;;;;;;;;;;;;;;;;;;;;;;;;;;;;;;;;;
;;Pañchamī;;12:57;24;Aug;2024;;;5:19;;7;Sep;2020;5;5;;;;;;;;Pañchamī;;#REF!;;;;;;;;;;;;;;;;;;;;;;;;;;;;;;;;;;;;;
;;Śaṣṭhī;;10:41;25;Aug;2024;;;5:19;;8;Sep;2020;6;6;;;;;;;;Śaṣṭhī;;#REF!;;;;;;;;;;;;;;;;;;;;;;;;;;;;;;;;;;;;;
;;Saptamī;;8:37;26;Aug;2024;;;5:19;;9;Sep;2020;7;7;;;;;;;;Saptamī;;#REF!;;;;;;;;;;;;;;;;;;;;;;;;;;;;;;;;;;;;;
;;Aṣṭamī;;6:49;27;Aug;2024;;;5:20;;10;Sep;2020;8;8;;;;;;;;Aṣṭamī;;#REF!;;;;;;;;;;;;;;;;;;;;;;;;;;;;;;;;;;;;;
;;Navamī;;5:23;28;Aug;2024;;;5:20;;11;Sep;2020;9;9;;;;;;;;Navamī;;#REF!;;;;;;;;;;;;;;;;;;;;;;;;;;;;;;;;;;;;;
;;Daśamī;;4:20;29;Aug;2024;;;5:21;;12;Sep;2020;10;10;;;;;;;;Daśamī;;#REF!;;;;;;;;;;;;;;;;;;;;;;;;;;;;;;;;;;;;;
;;Ekādaśī;4:20;3:46;30;Aug;2024;;;5:21;17:56;13;Sep;2020;11;11;;;;;;;;Ekādaśī;#REF!;#REF!;;;;;;;;;;;;;;;;;;;;;;;;;;;;;;;;;;;;;
;;Dvādaśī;3:46;3:43;31;Aug;2024;;;5:21;17:55;14;Sep;2020;12;12;X;;;;;;;Dvādaśī;#REF!;#REF!;;;;;;;;;;;;;;;;;;;;;;;;;;;;;;;;;;;;;
;;Trayodaśī;3:43;4:10;1;Sep;2024;;;5:22;;15;Sep;2020;13;13;;;;;;;;Trayodaśī;#REF!;#REF!;;;;;;;;;;;;;;;;;;;;;;;;;;;;;;;;;;;;;
;;Chaturdaśī;;5:07;2;Sep;2024;;;5:22;;16;Sep;2020;14;14;;;;;;;;Chaturdaśī;;#REF!;;;;;;;;;;;;;;;;;;;;;;;;;;;;;;;;;;;;;
;;Amāvasyā;5:06;6:31;3;Sep;2024;A;;5:22;;17;Sep;2020;15;15;;;;;;;;Amāvasyā;#REF!;#REF!;;;;;;;;;;;;;;;;;;;;;;;;;;;;;;;;;;;;;
Hṛṣīkeś;G;Pratipad;;8:16;4;Sep;2024;;;5:23;;18;Sep;2020;16;1;;;;;;;;Pratipad;;#REF!;;;;;;;;;;;;;;;;;;;;;;;;;;;;;;;;;;;;;
;;Dvitīya;;10:14;5;Sep;2024;;;5:23;;19;Sep;2020;17;2;;;;;;;;Dvitīya;;#REF!;;;;;;;;;;;;;;;;;;;;;;;;;;;;;;;;;;;;;
;;Tṛtīya;;12:18;6;Sep;2024;;;5:23;;20;Sep;2020;18;3;;;;;;;;Tṛtīya;;#REF!;;;;;;;;;;;;;;;;;;;;;;;;;;;;;;;;;;;;;
;;Chaturthī;;14:14;7;Sep;2024;;;5:24;;21;Sep;2020;19;4;;;;;;;;Chaturthī;;#REF!;;;;;;;;;;;;;;;;;;;;;;;;;;;;;;;;;;;;;
;;Pañchamī;;15:55;8;Sep;2024;;;5:24;;22;Sep;2020;20;6;;;;;;;;Pañchamī;;#REF!;;;;;;;;;;;;;;;;;;;;;;;;;;;;;;;;;;;;;
;;Śaṣṭhī;;17:14;9;Sep;2024;;;5:24;;23;Sep;2020;21;7;;;;;;;;Śaṣṭhī;;#REF!;;;;;;;;;;;;;;;;;;;;;;;;;;;;;;;;;;;;;
;;Saptamī;;18:27;10;Sep;2024;;;5:25;;24;Sep;2020;22;8;;;;;;;;Saptamī;;#REF!;;;;;;;;;;;;;;;;;;;;;;;;;;;;;;;;;;;;;
;;Aṣṭamī;;18:28;11;Sep;2024;;;5:25;;25;Sep;2020;23;9;;;;;;;;Aṣṭamī;;#REF!;;;;;;;;;;;;;;;;;;;;;;;;;;;;;;;;;;;;;
;;Navamī;;18:18;12;Sep;2024;;;5:25;;26;Sep;2020;24;10;;;;;;;;Navamī;;#REF!;;;;;;;;;;;;;;;;;;;;;;;;;;;;;;;;;;;;;
;;Daśamī;;17:39;13;Sep;2024;;;5:26;;27;Sep;2020;25;11;;;;;;;;Daśamī;;#REF!;;;;;;;;;;;;;;;;;;;;;;;;;;;;;;;;;;;;;
;;Ekādaśī;17:39;16:33;14;Sep;2024;;;5:26;17:41;28;Sep;2020;26;12;Śravaṇā;9:14;7:41;;;;;Ekādaśī;#REF!;#REF!;;;;;;;#REF!;;;;;;;;;;;;;;;;;;;;;;;;;;;;;;
;;Dvādaśī;16:33;15:02;15;Sep;2024;;;5:26;;29;Sep;2020;27;13;;;;;;;;Dvādaśī;#REF!;#REF!;;;;;;#REF!;#REF!;;;;;;;;;;;;;;;;;;;;;;;;;;;;;;
;;Trayodaśī;15:02;13:11;16;Sep;2024;;;5:26;;30;Sep;2020;28;14;;;;;;;;Trayodaśī;#REF!;#REF!;;;;;;;;;;;;;;;;;;;;;;;;;;;;;;;;;;;;;
;;Chaturdaśī;;11:05;17;Sep;2024;;;5:27;;1;Oct;2020;29;15;;;;;;;;Chaturdaśī;;#REF!;;;;;;;;;;;;;;;;;;;;;;;;;;;;;;;;;;;;;
;;Pūrṇimā;11:05;8:48;18;Sep;2024;;;5:27;;;;;;;;;;;;;;Pūrṇimā;#REF!;#REF!;;;;;;;;;;;;;;;;;;;;;;;;;;;;;;;;;;;;;
;;;;;;;;;;;;;;;;;;;;;;;;;;;;;;;;;;;;;;;;;;;;;;;;;;;;;;;;;;;;;;;
;;;;;;;;;;;;;;;;;;;;;;;;;;;;;;;;;;;;;;;;;;;;;;;;;;;;;;;;;;;;;;;
;;;UTC:;?;;;;;;;;;;;;;;;;;;;;;UTC:;?;;;;;;;;;;;;;;;;;;;;;;;;;;;;;;;;;;;;;
Mās;Pak;Tithi;Start;End;Date;Mon;Year;A;K;Srise;Sset;Date;Mon;Year;VD;RT;Nakṣatra;Start;End;Date;Mon;Year;Day;Tithi;Start;End;Date;Mon;Year;Day;;;;;;;;;;;;;;;;;;;;;;;;;;;;;;;;;0
Padmanābha;K;Pratipad;;6:23;19;Sep;2024;;;5:27;;2;Oct;2020;1;1;;;;;;;;Pratipad;;#REF!;;;;;;;;;;;;;;;;;;;;;;;;;;;;;;;;;;;;;
;;Dvitīya;;3:56;20;Sep;2024;;;5:28;;3;Oct;2020;2;2;;;;;;;;Dvitīya;;#REF!;;;;;;;;;;;;;;;;;;;;;;;;;;;;;;;;;;;;;
;;Tṛtīya;;1:33;21;Sep;2024;;;5:28;;4;Oct;2020;3;3;;;;;;;;Tṛtīya;;#REF!;;;;;;;;;;;;;;;;;;;;;;;;;;;;;;;;;;;;;
;;Chaturthī;;23:17;21;Sep;2024;;;5:28;;5;Oct;2020;4;3;;;;;;;;Chaturthī;;#REF!;;;;;;;;;;;;;;;;;;;;;;;;;;;;;;;;;;;;;
;;Pañchamī;;21:13;22;Sep;2024;;;5:28;;6;Oct;2020;5;4;;;;;;;;Pañchamī;;#REF!;;;;;;;;;;;;;;;;;;;;;;;;;;;;;;;;;;;;;
;;Śaṣṭhī;;19:27;23;Sep;2024;;;5:29;;7;Oct;2020;6;5;;;;;;;;Śaṣṭhī;;#REF!;;;;;;;;;;;;;;;;;;;;;;;;;;;;;;;;;;;;;
;;Saptamī;;18:02;24;Sep;2024;;;5:29;;8;Oct;2020;7;6;;;;;;;;Saptamī;;#REF!;;;;;;;;;;;;;;;;;;;;;;;;;;;;;;;;;;;;;
;;Aṣṭamī;;16:40;25;Sep;2024;;;5:29;;9;Oct;2020;8;7;;;;;;;;Aṣṭamī;;#REF!;;;;;;;;;;;;;;;;;;;;;;;;;;;;;;;;;;;;;
;;Navamī;;16:29;26;Sep;2024;;;5:30;;10;Oct;2020;9;8;;;;;;;;Navamī;;#REF!;;;;;;;;;;;;;;;;;;;;;;;;;;;;;;;;;;;;;
;;Daśamī;;16:27;27;Sep;2024;;;5:30;;11;Oct;2020;10;9;;;;;;;;Daśamī;;#REF!;;;;;;;;;;;;;;;;;;;;;;;;;;;;;;;;;;;;;
;;Ekādaśī;16:27;16:55;28;Sep;2024;;;5:30;;12;Oct;2020;11;10;;;;;;;;Ekādaśī;#REF!;#REF!;;;;;;;;;;;;;;;;;;;;;;;;;;;;;;;;;;;;;
;;Dvādaśī;16:55;17:54;29;Sep;2024;;;5:31;17:25;13;Oct;2020;12;11;X;;;;;;;Dvādaśī;#REF!;#REF!;;;;;;;;;;;;;;;;;;;;;;;;;;;;;;;;;;;;;
;;Trayodaśī;17:54;19:19;30;Sep;2024;;;5:31;17:24;14;Oct;2020;13;12;;;;;;;;Trayodaśī;#REF!;#REF!;;;;;;;;;;;;;;;;;;;;;;;;;;;;;;;;;;;;;
;;Chaturdaśī;;21:06;1;Oct;2024;;;5:31;;15;Oct;2020;14;13;;;;;;;;Chaturdaśī;;#REF!;;;;;;;;;;;;;;;;;;;;;;;;;;;;;;;;;;;;;
;;Amāvasyā;21:06;23:07;2;Oct;2024;;;5:32;;16;Oct;2020;15;15;;;;;;;;Amāvasyā;#REF!;#REF!;;;;;;;;;;;;;;;;;;;;;;;;;;;;;;;;;;;;;
Padmanābha;G;Pratipad;;1:12;4;Oct;2024;;;5:33;;17;Oct;2020;16;1;;;;;;;;Pratipad;;#REF!;;;;;;;;;;;;;;;;;;;;;;;;;;;;;;;;;;;;;
;;Dvitīya;;3:11;5;Oct;2024;;;5:33;;18;Oct;2020;17;2;;;;;;;;Dvitīya;;#REF!;;;;;;;;;;;;;;;;;;;;;;;;;;;;;;;;;;;;;
;;Tṛtīya;;4:54;6;Oct;2024;;;5:33;;19;Oct;2020;18;3;;;;;;;;Tṛtīya;;#REF!;;;;;;;;;;;;;;;;;;;;;;;;;;;;;;;;;;;;;
;;Chaturthī;;6:15;7;Oct;2024;A;;5:34;;20;Oct;2020;19;4;;;;;;;;Chaturthī;;#REF!;;;;;;;;;;;;;;;;;;;;;;;;;;;;;;;;;;;;;
;;Pañchamī;;7:09;8;Oct;2024;;;5:34;;21;Oct;2020;20;5;;;;;;;;Pañchamī;;#REF!;;;;;;;;;;;;;;;;;;;;;;;;;;;;;;;;;;;;;
;;Śaṣṭhī;;7:32;9;Oct;2024;;;5:35;;22;Oct;2020;21;6;;;;;;;;Śaṣṭhī;;#REF!;;;;;;;;;;;;;;;;;;;;;;;;;;;;;;;;;;;;;
;;Saptamī;;7:25;10;Oct;2024;;;5:35;;23;Oct;2020;22;7;;;;;;;;Saptamī;;#REF!;;;;;;;;;;;;;;;;;;;;;;;;;;;;;;;;;;;;;
;;Aṣṭamī;;6:48;11;Oct;2024;;;5:35;;24;Oct;2020;23;8;;;;;;;;Aṣṭamī;;#REF!;;;;;;;;;;;;;;;;;;;;;;;;;;;;;;;;;;;;;
;;Navamī;;5:44;12;Oct;2024;;;5:36;;25;Oct;2020;24;9;;;;;;;;Navamī;;#REF!;;;;;;;;;;;;;;;;;;;;;;;;;;;;;;;;;;;;;
;;Daśamī;;4:14;13;Oct;2024;;;5:36;;26;Oct;2020;25;10;;;;;;;;Daśamī;;#REF!;;;;;;;;;;;;;;;;;;;;;;;;;;;;;;;;;;;;;
;;Ekādaśī;4:14;2:26;14;Oct;2024;;;5:37;;27;Oct;2020;26;11;;;;;;;;Ekādaśī;#REF!;#REF!;;;;;;;#REF!;;;;;;;;;;;;;;;;;;;;;;;;;;;;;;
;;Dvādaśī;2:26;0:22;15;Oct;2024;;;5:37;17:10;28;Oct;2020;27;12;;;;;;;;Dvādaśī;#REF!;#REF!;;;;;;#REF!;#REF!;;;;;;;;;;;;;;;;;;;;;;;;;;;;;;
;;Trayodaśī;0:22;22:06;15;Oct;2024;;;5:37;;29;Oct;2020;28;13;;;;;;;;Trayodaśī;#REF!;#REF!;;;;;;;;;;;;;;;;;;;;;;;;;;;;;;;;;;;;;
;;Chaturdaśī;;19:44;16;Oct;2024;;;5:38;;30;Oct;2020;29;14;;;;;;;;Chaturdaśī;;#REF!;;;;;;;;;;;;;;;;;;;;;;;;;;;;;;;;;;;;;
;;Pūrṇimā;19:43;17:19;17;Oct;2024;;;5:38;;31;Oct;2020;30;15;;;;;;;;Pūrṇimā;#REF!;#REF!;;;;;;;;;;;;;;;;;;;;;;;;;;;;;;;;;;;;;
;;;;;;;;;;;;;;;;;;;;;;;;;;;;;;;;;;;;;;;;;;;;;;;;;;;;;;;;;;;;;;;
;;;;;;;;;;;;;;;;;;;;;;;;;;;;;;;;;;;;;;;;;;;;;;;;;;;;;;;;;;;;;;;
;;;UTC:;?;;;;;;;;;;;;;;;;;;;;;UTC:;?;;;;;;;;;;;;;;;;;;;;;;;;;;;;;;;;;;;;;
Mās;Pak;Tithi;Start;End;Date;Mon;Year;A;K;Srise;Sset;Date;Mon;Year;VD;RT;Nakṣatra;Start;End;Date;Mon;Year;Day;Tithi;Start;End;Date;Mon;Year;Day;;;;;;;;;;;;;;;;;;;;;;;;;;;;;;;;;0
Dāmodar;K;Pratipad;;14:57;18;Oct;2024;;;5:39;;1;Nov;2020;1;1;;;;;;;;Pratipad;;#REF!;;;;;;;;;;;;;;;;;;;;;;;;;;;;;;;;;;;;;
;;Dvitīya;;12:44;19;Oct;2024;;;5:39;;2;Nov;2020;2;2;;;;;;;;Dvitīya;;#REF!;;;;;;;;;;;;;;;;;;;;;;;;;;;;;;;;;;;;;
;;Tṛtīya;;10:42;20;Oct;2024;;;5:40;;3;Nov;2020;3;3;;;;;;;;Tṛtīya;;#REF!;;;;;;;;;;;;;;;;;;;;;;;;;;;;;;;;;;;;;
;;Chaturthī;;8:57;21;Oct;2024;;;5:40;;4;Nov;2020;4;4;;;;;;;;Chaturthī;;#REF!;;;;;;;;;;;;;;;;;;;;;;;;;;;;;;;;;;;;;
;;Pañchamī;;7:34;22;Oct;2024;;;5:41;;5;Nov;2020;5;5;;;;;;;;Pañchamī;;#REF!;;;;;;;;;;;;;;;;;;;;;;;;;;;;;;;;;;;;;
;;Śaṣṭhī;;6:36;23;Oct;2024;;;5:41;;6;Nov;2020;6;6;;;;;;;;Śaṣṭhī;;#REF!;;;;;;;;;;;;;;;;;;;;;;;;;;;;;;;;;;;;;
;;Saptamī;;6:06;24;Oct;2024;;;5:42;;7;Nov;2020;7;7;;;;;27-08-2023;;;Saptamī;;#REF!;;;;;;;;;;;;;;;;;;;;;;;;;;;;;;;;;;;;;
;;Aṣṭamī;;6:07;25;Oct;2024;;;5:42;;8;Nov;2020;8;8;;;;;;;;Aṣṭamī;;#REF!;;;;;;;;;;;;;;;;;;;;;;;;;;;;;;;;;;;;;
;;Navamī;;6:38;26;Oct;2024;;;5:43;;9;Nov;2020;9;9;;;;;;;;Navamī;;#REF!;;;;;;;;;;;;;;;;;;;;;;;;;;;;;;;;;;;;;
;;Daśamī;;7:40;27;Oct;2024;;;5:43;;10;Nov;2020;10;10;;;;;;;;Daśamī;;#REF!;;;;;;;;;;;;;;;;;;;;;;;;;;;;;;;;;;;;;
;;Ekādaśī;7:40;9:08;28;Oct;2024;;;5:44;16:59;11;Nov;2020;11;11;;;;;;;;Ekādaśī;#REF!;#REF!;;;;;;;;;;;;;;;;;;;;;;;;;;;;;;;;;;;;;
;;Dvādaśī;9:08;10:57;29;Oct;2024;;;5:44;16:58;12;Nov;2020;12;12;X;;;;;;;Dvādaśī;#REF!;#REF!;;;;;;;;;;;;;;;;;;;;;;;;;;;;;;;;;;;;;
;;Trayodaśī;10:57;13:01;30;Oct;2024;;;5:45;;13;Nov;2020;13;13;;;;;;;;Trayodaśī;#REF!;#REF!;;;;;;;;;;;;;;;;;;;;;;;;;;;;;;;;;;;;;
;;Chaturdaśī;;15:09;31;Oct;2024;;;5:45;;14;Nov;2020;14;14;;;;;;;;Chaturdaśī;;#REF!;;;;;;;;;;;;;;;;;;;;;;;;;;;;;;;;;;;;;
;;Amāvasyā;15:09;17:09;1;Nov;2024;;;5:46;;15;Nov;2020;15;15;;;;;;;;Amāvasyā;#REF!;#REF!;;;;;;;;;;;;;;;;;;;;;;;;;;;;;;;;;;;;;
Dāmodar;G;Pratipad;;18:55;2;Nov;2024;;;5:46;;16;Nov;2020;16;1;;;;;;;;Pratipad;;#REF!;;;;;;;;;;;;;;;;;;;;;;;;;;;;;;;;;;;;;
;;Dvitīya;;20:16;3;Nov;2024;;;5:47;;17;Nov;2020;17;2;;;;;;;;Dvitīya;;#REF!;;;;;;;;;;;;;;;;;;;;;;;;;;;;;;;;;;;;;
;;Tṛtīya;;21:12;4;Nov;2024;;;5:47;;18;Nov;2020;18;4;;;;;;;;Tṛtīya;;#REF!;;;;;;;;;;;;;;;;;;;;;;;;;;;;;;;;;;;;;
;;Chaturthī;;21:35;5;Nov;2024;;;5:48;;19;Nov;2020;19;5;;;;;;;;Chaturthī;;#REF!;;;;;;;;;;;;;;;;;;;;;;;;;;;;;;;;;;;;;
;;Pañchamī;;21:28;6;Nov;2024;;;5:48;;20;Nov;2020;20;6;;;;;;;;Pañchamī;;#REF!;;;;;;;;;;;;;;;;;;;;;;;;;;;;;;;;;;;;;
;;Śaṣṭhī;;20:52;7;Nov;2024;;;5:49;;21;Nov;2020;21;7;;;;;;;;Śaṣṭhī;;#REF!;;;;;;;;;;;;;;;;;;;;;;;;;;;;;;;;;;;;;
;;Saptamī;;19:49;8;Nov;2024;;;5:50;;22;Nov;2020;22;8;;;;;;;;Saptamī;;#REF!;;;;;;;;;;;;;;;;;;;;;;;;;;;;;;;;;;;;;
;;Aṣṭamī;;18:22;9;Nov;2024;;;5:50;;23;Nov;2020;23;9;;;;;;;;Aṣṭamī;;#REF!;;;;;;;;;;;;;;;;;;;;;;;;;;;;;;;;;;;;;
;;Navamī;;16:35;10;Nov;2024;;;5:51;;24;Nov;2020;24;10;;;;;;;;Navamī;;#REF!;;;;;;;;;;;;;;;;;;;;;;;;;;;;;;;;;;;;;
;;Daśamī;;14:32;11;Nov;2024;;;5:52;;25;Nov;2020;25;11;;;;;;;;Daśamī;;#REF!;;;;;;;;;;;;;;;;;;;;;;;;;;;;;;;;;;;;;
;;Ekādaśī;14:32;12:18;12;Nov;2024;;;5:52;;26;Nov;2020;26;11;N;;;;;;;Ekādaśī;#REF!;#REF!;;;;;;;#REF!;;;;;;;;;;;;;;;;;;;;;;;;;;;;;;
;;Dvādaśī;12:18;9:57;13;Nov;2024;;;5:53;16:51;27;Nov;2020;27;12;;;;;;;;Dvādaśī;#REF!;#REF!;;;;;;#REF!;#REF!;;;;;;;;;;;;;;;;;;;;;;;;;;;;;;
;;Trayodaśī;9:57;7:35;14;Nov;2024;;;5:54;;28;Nov;2020;28;13;;;;;;;;Trayodaśī;#REF!;#REF!;;;;;;;;;;;;;;;;;;;;;;;;;;;;;;;;;;;;;
;;Chaturdaśī;;5:15;15;Nov;2024;;K;5:54;;29;Nov;2020;29;14;;;;;;;;Chaturdaśī;;#REF!;;;;;;;;;;;;;;;;;;;;;;;;;;;;;;;;;;;;;
;;Pūrṇimā;5:15;3:04;16;Nov;2024;;;5:55;;30;Nov;2020;30;15;;;;;;;;Pūrṇimā;#REF!;#REF!;;;;;;;;;;;;;;;;;;;;;;;;;;;;;;;;;;;;;
;;;;;;;;;;;;;;;;;;;;;;;;;;;;;;;;;;;;;;;;;;;;;;;;;;;;;;;;;;;;;;;
;;;;;;;;;;;;;;;;;;;;;;;;;;;;;;;;;;;;;;;;;;;;;;;;;;;;;;;;;;;;;;;
;;;UTC:;?;;;;;;;;;;;;;;;;;;;;;UTC:;?;;;;;;;;;;;;;;;;;;;;;;;;;;;;;;;;;;;;;
Mās;Pak;Tithi;Start;End;Date;Mon;Year;A;K;Srise;Sset;Date;Mon;Year;VD;RT;Nakṣatra;Start;End;Date;Mon;Year;Day;Tithi;Start;End;Date;Mon;Year;Day;;;;;;;;;;;;;;;;;;;;;;;;;;;;;;;;;0
Keśava;K;Pratipad;;1:05;17;Nov;2024;;;5:56;;1;Dec;2020;1;1;;;;;;;;Pratipad;;#REF!;;;;;;;;;;;;;;;;;;;;;;;;;;;;;;;;;;;;;
;;Dvitīya;;23:23;17;Nov;2024;;;5:56;;2;Dec;2020;2;2;;;;;;;;Dvitīya;;#REF!;;;;;;;;;;;;;;;;;;;;;;;;;;;;;;;;;;;;;
;;Tṛtīya;;22:04;18;Nov;2024;;;5:57;;3;Dec;2020;3;3;;;;;;;;Tṛtīya;;#REF!;;;;;;;;;;;;;;;;;;;;;;;;;;;;;;;;;;;;;
;;Chaturthī;;21:08;19;Nov;2024;;;5:57;;4;Dec;2020;4;4;;;;;;;;Chaturthī;;#REF!;;;;;;;;;;;;;;;;;;;;;;;;;;;;;;;;;;;;;
;;Pañchamī;;20:40;20;Nov;2024;;;5:58;;5;Dec;2020;5;5;;;;;;;;Pañchamī;;#REF!;;;;;;;;;;;;;;;;;;;;;;;;;;;;;;;;;;;;;
;;Śaṣṭhī;;20:45;21;Nov;2024;;;5:59;;6;Dec;2020;6;6;;;;;;;;Śaṣṭhī;;#REF!;;;;;;;;;;;;;;;;;;;;;;;;;;;;;;;;;;;;;
;;Saptamī;;21:20;22;Nov;2024;;;6:00;;7;Dec;2020;7;7;;;;;;;;Saptamī;;#REF!;;;;;;;;;;;;;;;;;;;;;;;;;;;;;;;;;;;;;
;;Aṣṭamī;;22:26;23;Nov;2024;;;6:01;;8;Dec;2020;8;8;;;;;;;;Aṣṭamī;;#REF!;;;;;;;;;;;;;;;;;;;;;;;;;;;;;;;;;;;;;
;;Navamī;;23:58;24;Nov;2024;;;6:01;;9;Dec;2020;9;9;;;;;;;;Navamī;;#REF!;;;;;;;;;;;;;;;;;;;;;;;;;;;;;;;;;;;;;
;;Daśamī;;1:50;26;Nov;2024;;;6:03;;10;Dec;2020;10;10;;;;;;;;Daśamī;;#REF!;;;;;;;;;;;;;;;;;;;;;;;;;;;;;;;;;;;;;
;;Ekādaśī;1:50;3:56;27;Nov;2024;;;6:03;;11;Dec;2020;11;11;;;;;;;;Ekādaśī;#REF!;#REF!;;;;;;;;;;;;;;;;;;;;;;;;;;;;;;;;;;;;;
;;Dvādaśī;3:56;6:02;28;Nov;2024;;;6:04;;12;Dec;2020;12;13;X;;;;;;;Dvādaśī;#REF!;#REF!;;;;;;;;;;;;;;;;;;;;;;;;;;;;;;;;;;;;;
;;Trayodaśī;6:02;8:08;29;Nov;2024;A;;6:04;16:47;13;Dec;2020;13;14;;;;;;;;Trayodaśī;#REF!;#REF!;;;;;;;;;;;;;;;;;;;;;;;;;;;;;;;;;;;;;
;;Chaturdaśī;;9:54;30;Nov;2024;;;6:05;;14;Dec;2020;14;15;Eclipse;;;;;;;Chaturdaśī;;#REF!;;;;;;;;;;;;;;;;;;;;;;;;;;;;;;;;;;;;;
;;Amāvasyā;9:54;11:17;1;Dec;2024;;;6:05;;15;Dec;2020;15;1;;;;;;;;Amāvasyā;#REF!;#REF!;;;;;;;;;;;;;;;;;;;;;;;;;;;;;;;;;;;;;
Keśava;G;Pratipad;;12:12;2;Dec;2024;;;6:06;;16;Dec;2020;16;2;;;;;;;;Pratipad;;#REF!;;;;;;;;;;;;;;;;;;;;;;;;;;;;;;;;;;;;;
;;Dvitīya;;12:35;3;Dec;2024;;;6:07;;17;Dec;2020;17;3;;;;;;;;Dvitīya;;#REF!;;;;;;;;;;;;;;;;;;;;;;;;;;;;;;;;;;;;;
;;Tṛtīya;;12:28;4;Dec;2024;;;6:07;;18;Dec;2020;18;4;;;;;;;;Tṛtīya;;#REF!;;;;;;;;;;;;;;;;;;;;;;;;;;;;;;;;;;;;;
;;Chaturthī;;11:51;5;Dec;2024;;;6:08;;19;Dec;2020;19;5;;;;;;;;Chaturthī;;#REF!;;;;;;;;;;;;;;;;;;;;;;;;;;;;;;;;;;;;;
;;Pañchamī;;10:47;6;Dec;2024;;;6:09;;20;Dec;2020;20;6;;;;;;;;Pañchamī;;#REF!;;;;;;;;;;;;;;;;;;;;;;;;;;;;;;;;;;;;;
;;Śaṣṭhī;;9:20;7;Dec;2024;;;6:09;;21;Dec;2020;21;7;;;;;;;;Śaṣṭhī;;#REF!;;;;;;;;;;;;;;;;;;;;;;;;;;;;;;;;;;;;;
;;Saptamī;;7:33;8;Dec;2024;;;6:10;;22;Dec;2020;22;8;;;;;;;;Saptamī;;#REF!;;;;;;;;;;;;;;;;;;;;;;;;;;;;;;;;;;;;;
;;Aṣṭamī;;5:30;9;Dec;2024;;K;6:11;;23;Dec;2020;23;9;;;;;;;;Aṣṭamī;;#REF!;;;;;;;;;;;;;;;;;;;;;;;;;;;;;;;;;;;;;
;;Navamī;;3:17;10;Dec;2024;;;6:11;;24;Dec;2020;24;10;;;;;;;;Navamī;;#REF!;;;;;;;;;;;;;;;;;;;;;;;;;;;;;;;;;;;;;
;;Daśamī;;0:58;11;Dec;2024;;;6:12;;25;Dec;2020;25;11;;;;;;;;Daśamī;;#REF!;;;;;;;;;;;;;;;;;;;;;;;;;;;;;;;;;;;;;
;;Ekādaśī;0:58;22:37;11;Dec;2024;;;6:12;16:50;26;Dec;2020;26;12;N;;;;;;;Ekādaśī;#REF!;#REF!;;;;;;;#REF!;;;;;;;;;;;;;;;;;;;;;;;;;;;;;;
;;Dvādaśī;22:37;20:20;12;Dec;2024;;;6:13;;27;Dec;2020;27;13;;;;;;;;Dvādaśī;#REF!;#REF!;;;;;;#REF!;#REF!;;;;;;;;;;;;;;;;;;;;;;;;;;;;;;
;;Trayodaśī;20:20;18:11;13;Dec;2024;;;6:13;;28;Dec;2020;28;14;;;;;;;;Trayodaśī;#REF!;#REF!;;;;;;;;;;;;;;;;;;;;;;;;;;;;;;;;;;;;;
;;Chaturdaśī;;16:15;14;Dec;2024;;;6:14;;29;Dec;2020;29;14;;;;;;;;Chaturdaśī;;#REF!;;;;;;;;;;;;;;;;;;;;;;;;;;;;;;;;;;;;;
;;Pūrṇimā;16:14;14:36;15;Dec;2024;;;6:15;;30;Dec;2020;30;15;;;;;;;;Pūrṇimā;#REF!;#REF!;;;;;;;;;;;;;;;;;;;;;;;;;;;;;;;;;;;;;
;;;;;;;;;;;;;;;;;;;;;;;;;;;;;;;;;;;;;;;;;;;;;;;;;;;;;;;;;;;;;;;
;;;;;;;;;;;;;;;;;;;;;;;;;;;;;;;;;;;;;;;;;;;;;;;;;;;;;;;;;;;;;;;
;;;UTC:;?;;;;;;;;;;;;;;;;;;;;;UTC:;?;;;;;;;;;;;;;;;;;;;;;;;;;;;;;;;;;;;;;
Mās;Pak;Tithi;Start;End;Date;Mon;Year;A;K;Srise;Sset;Date;Mon;Year;VD;RT;Nakṣatra;Start;End;Date;Mon;Year;Day;Tithi;Start;End;Date;Mon;Year;Day;;;;;;;;;;;;;;;;;;;;;;;;;;;;;;;;;0
Nārāyaṇ;K;Pratipad;;13:19;16;Dec;2024;;;6:16;;31;Dec;2020;1;1;;;;;;;;Pratipad;;#REF!;;;;;;;;;;;;;;;;;;;;;;;;;;;;;;;;;;;;;
;;Dvitīya;;12:27;17;Dec;2024;;;6:16;;1;Jan;2020;2;2;;;;;;;;Dvitīya;;#REF!;;;;;;;;;;;;;;;;;;;;;;;;;;;;;;;;;;;;;
;;Tṛtīya;;12:04;18;Dec;2024;;;6:17;;2;Jan;2020;3;3;;;;;;;;Tṛtīya;;#REF!;;;;;;;;;;;;;;;;;;;;;;;;;;;;;;;;;;;;;
;;Chaturthī;;12:11;19;Dec;2024;;;6:18;;3;Jan;2020;4;4;;;;;;;;Chaturthī;;#REF!;;;;;;;;;;;;;;;;;;;;;;;;;;;;;;;;;;;;;
;;Pañchamī;;12:49;20;Dec;2024;;;6:18;;4;Jan;2020;5;5;;;;;;;;Pañchamī;;#REF!;;;;;;;;;;;;;;;;;;;;;;;;;;;;;;;;;;;;;
;;Śaṣṭhī;;13:58;21;Dec;2024;;;6:19;;5;Jan;2020;6;7;;;;;;;;Śaṣṭhī;;#REF!;;;;;;;;;;;;;;;;;;;;;;;;;;;;;;;;;;;;;
;;Saptamī;;15:34;22;Dec;2024;;;6:20;;6;Jan;2020;7;8;;;;;;;;Saptamī;;#REF!;;;;;;;;;;;;;;;;;;;;;;;;;;;;;;;;;;;;;
;;Aṣṭamī;;17:29;23;Dec;2024;;;6:21;;7;Jan;2020;8;9;;;;;;;;Aṣṭamī;;#REF!;;;;;;;;;;;;;;;;;;;;;;;;;;;;;;;;;;;;;
;;Navamī;;19:37;24;Dec;2024;;;6:21;;8;Jan;2020;9;10;;;;;;;;Navamī;;#REF!;;;;;;;;;;;;;;;;;;;;;;;;;;;;;;;;;;;;;
;;Daśamī;;21:47;25;Dec;2024;;;6:22;;9;Jan;2020;10;11;;;;;;;;Daśamī;;#REF!;;;;;;;;;;;;;;;;;;;;;;;;;;;;;;;;;;;;;
;;Ekādaśī;21:47;23:49;26;Dec;2024;;;6:22;16:55;10;Jan;2020;11;12;;;;;;;;Ekādaśī;#REF!;#REF!;;;;;;;;;;;;;;;;;;;;;;;;;;;;;;;;;;;;;
;;Dvādaśī;23:49;1:34;28;Dec;2024;;;6:22;;11;Jan;2020;12;13;X;;;;;;;Dvādaśī;#REF!;#REF!;;;;;;;;;;;;;;;;;;;;;;;;;;;;;;;;;;;;;
;;Trayodaśī;1:34;2:55;29;Dec;2024;;;6:22;;12;Jan;2020;13;14;;;;;;;;Trayodaśī;#REF!;#REF!;;;;;;;;;;;;;;;;;;;;;;;;;;;;;;;;;;;;;
;;Chaturdaśī;;3:48;30;Dec;2024;;;6:23;;13;Jan;2020;14;15;;;;;;;;Chaturdaśī;;#REF!;;;;;;;;;;;;;;;;;;;;;;;;;;;;;;;;;;;;;
;;Amāvasyā;3:47;4:10;31;Dec;2024;;;6:23;;14;Jan;2020;15;1;;;;;;;;Amāvasyā;#REF!;#REF!;;;;;;;;;;;;;;;;;;;;;;;;;;;;;;;;;;;;;
Nārāyaṇ;G;Pratipad;;4:01;1;Jan;2025;;;6:23;;15;Jan;2020;16;2;;;;;;;;Pratipad;;#REF!;;;;;;;;;;;;;;;;;;;;;;;;;;;;;;;;;;;;;
;;Dvitīya;;3:22;2;Jan;2025;;;6:23;;16;Jan;2020;17;3;;;;;;;;Dvitīya;;#REF!;;;;;;;;;;;;;;;;;;;;;;;;;;;;;;;;;;;;;
;;Tṛtīya;;2:17;3;Jan;2025;;;6:24;;17;Jan;2020;18;4;;;;;;;;Tṛtīya;;#REF!;;;;;;;;;;;;;;;;;;;;;;;;;;;;;;;;;;;;;
;;Chaturthī;;0:48;4;Jan;2025;;;6:24;;18;Jan;2020;19;5;;;;;;;;Chaturthī;;#REF!;;;;;;;;;;;;;;;;;;;;;;;;;;;;;;;;;;;;;
;;Pañchamī;;22:59;4;Jan;2025;;;6:24;;19;Jan;2020;20;6;;;;;;;;Pañchamī;;#REF!;;;;;;;;;;;;;;;;;;;;;;;;;;;;;;;;;;;;;
;;Śaṣṭhī;;20:56;5;Jan;2025;;;6:24;;20;Jan;2020;21;7;;;;;;;;Śaṣṭhī;;#REF!;;;;;;;;;;;;;;;;;;;;;;;;;;;;;;;;;;;;;
;;Saptamī;;18:43;6;Jan;2025;;;6:24;;21;Jan;2020;22;8;;;;;;;;Saptamī;;#REF!;;;;;;;;;;;;;;;;;;;;;;;;;;;;;;;;;;;;;
;;Aṣṭamī;;16:23;7;Jan;2025;;;6:24;;22;Jan;2020;23;9;;;;;;;;Aṣṭamī;;#REF!;;;;;;;;;;;;;;;;;;;;;;;;;;;;;;;;;;;;;
;;Navamī;;14:02;8;Jan;2025;;;6:25;;23;Jan;2020;24;10;;;;;;;;Navamī;;#REF!;;;;;;;;;;;;;;;;;;;;;;;;;;;;;;;;;;;;;
;;Daśamī;;11:46;9;Jan;2025;;;6:25;;24;Jan;2020;25;11;;;;;;;;Daśamī;;#REF!;;;;;;;;;;;;;;;;;;;;;;;;;;;;;;;;;;;;;
;;Ekādaśī;11:46;9:38;10;Jan;2025;;;6:25;17:05;25;Jan;2020;26;12;Rohini;5:50;5:54;;;;;Ekādaśī;#REF!;#REF!;;;;;;;#REF!;;;;;;;;;;;;;;;;;;;;;;;;;;;;;;
;;Dvādaśī;9:38;7:44;11;Jan;2025;;;6:25;17:06;26;Jan;2020;27;13;;;;;;;;Dvādaśī;#REF!;#REF!;;;;;;#REF!;#REF!;;;;;;;;;;;;;;;;;;;;;;;;;;;;;;
;;Trayodaśī;7:44;6:06;12;Jan;2025;;K;6:25;;27;Jan;2020;28;14;;;;;;;;Trayodaśī;#REF!;#REF!;;;;;;;;;;;;;;;;;;;;;;;;;;;;;;;;;;;;;
;;Chaturdaśī;;4:52;13;Jan;2025;;;6:25;;28;Jan;2020;29;15;;;;;;;;Chaturdaśī;;#REF!;;;;;;;;;;;;;;;;;;;;;;;;;;;;;;;;;;;;;
;;Pūrṇimā;4:52;4:03;14;Jan;2025;;;6:26;;;;;30;;;;;;;;;Pūrṇimā;#REF!;#REF!;;;;;;;;;;;;;;;;;;;;;;;;;;;;;;;;;;;;;
;;;;;;;;;;;;;;;;;;;;;;;;;;;;;;;;;;;;;;;;;;;;;;;;;;;;;;;;;;;;;;;
;;;;;;;;;;;;;;;;;;;;;;;;;;;;;;;;;;;;;;;;;;;;;;;;;;;;;;;;;;;;;;;
;;;UTC:;?;;;;;;;;;;;;;;;;;;;;;UTC:;?;;;;;;;;;;;;;;;;;;;;;;;;;;;;;;;;;;;;;
Mās;Pak;Tithi;Start;End;Date;Mon;Year;A;K;Srise;Sset;Date;Mon;Year;VD;RT;Nakṣatra;Start;End;Date;Mon;Year;Day;Tithi;Start;End;Date;Mon;Year;Day;;;;;;;;;;;;;;;;;;;;;;;;;;;;;;;;;0
Mādhava;K;Pratipad;;3:42;15;Jan;2025;;;6:26;;29;Jan;2020;1;1;;;;;;;;Pratipad;;#REF!;;;;;;;;;;;;;;;;;;;;;;;;;;;;;;;;;;;;;
;;Dvitīya;;3:52;16;Jan;2025;;;6:26;;30;Jan;2020;2;2;;;;;;;;Dvitīya;;#REF!;;;;;;;;;;;;;;;;;;;;;;;;;;;;;;;;;;;;;
;;Tṛtīya;;4:33;17;Jan;2025;;;6:26;;31;Jan;2020;3;3;;;;;;;;Tṛtīya;;#REF!;;;;;;;;;;;;;;;;;;;;;;;;;;;;;;;;;;;;;
;;Chaturthī;;5:45;18;Jan;2025;;;6:26;;1;Feb;2020;4;4;;;;;;;;Chaturthī;;#REF!;;;;;;;;;;;;;;;;;;;;;;;;;;;;;;;;;;;;;
;;Pañchamī;;7:21;19;Jan;2025;A;;6:26;;2;Feb;2020;5;5;;;;;;;;Pañchamī;;#REF!;;;;;;;;;;;;;;;;;;;;;;;;;;;;;;;;;;;;;
;;Śaṣṭhī;;9:17;20;Jan;2025;;;6:26;;3;Feb;2020;6;6;;;;;;;;Śaṣṭhī;;#REF!;;;;;;;;;;;;;;;;;;;;;;;;;;;;;;;;;;;;;
;;Saptamī;;11:25;21;Jan;2025;;;6:26;;4;Feb;2020;7;7;;;;;;;;Saptamī;;#REF!;;;;;;;;;;;;;;;;;;;;;;;;;;;;;;;;;;;;;
;;Aṣṭamī;;13:34;22;Jan;2025;;;6:26;;5;Feb;2020;8;8;;;;;;;;Aṣṭamī;;#REF!;;;;;;;;;;;;;;;;;;;;;;;;;;;;;;;;;;;;;
;;Navamī;;15:34;23;Jan;2025;;;6:26;;6;Feb;2020;9;9;;;;;;;;Navamī;;#REF!;;;;;;;;;;;;;;;;;;;;;;;;;;;;;;;;;;;;;
;;Daśamī;;15:17;24;Jan;2025;;;6:25;;7;Feb;2020;10;10;;;;;;;;Daśamī;;#REF!;;;;;;;;;;;;;;;;;;;;;;;;;;;;;;;;;;;;;
;;Ekādaśī;15:17;18:35;25;Jan;2025;;;6:25;;8;Feb;2020;11;12;;;;;;;;Ekādaśī;#REF!;#REF!;;;;;;;;;;;;;;;;;;;;;;;;;;;;;;;;;;;;;
;;Dvādaśī;18:35;19:25;26;Jan;2025;;;6:25;17:16;9;Feb;2020;12;13;X;;;;;;;Dvādaśī;#REF!;#REF!;;;;;;;;;;;;;;;;;;;;;;;;;;;;;;;;;;;;;
;;Trayodaśī;19:25;19:44;27;Jan;2025;;;6:24;;10;Feb;2020;13;14;;;;;;;;Trayodaśī;#REF!;#REF!;;;;;;;;;;;;;;;;;;;;;;;;;;;;;;;;;;;;;
;;Chaturdaśī;;19:31;28;Jan;2025;;;6:24;;11;Feb;2020;14;15;;;;;;;;Chaturdaśī;;#REF!;;;;;;;;;;;;;;;;;;;;;;;;;;;;;;;;;;;;;
;;Amāvasyā;19:30;18:50;29;Jan;2025;;;6:24;;12;Feb;2020;15;1;;;;;;;;Amāvasyā;#REF!;#REF!;;;;;;;;;;;;;;;;;;;;;;;;;;;;;;;;;;;;;
Mādhava;G;Pratipad;;17:41;30;Jan;2025;;;6:23;;13;Feb;2020;16;2;;;;;;;;Pratipad;;#REF!;;;;;;;;;;;;;;;;;;;;;;;;;;;;;;;;;;;;;
;;Dvitīya;;16:09;31;Jan;2025;;;6:23;;14;Feb;2020;17;3;;;;;;;;Dvitīya;;#REF!;;;;;;;;;;;;;;;;;;;;;;;;;;;;;;;;;;;;;
;;Tṛtīya;;14:19;1;Feb;2025;;;6:22;;15;Feb;2020;18;4;;;;;;;;Tṛtīya;;#REF!;;;;;;;;;;;;;;;;;;;;;;;;;;;;;;;;;;;;;
;;Chaturthī;;12:14;2;Feb;2025;;;6:22;;16;Feb;2020;19;5;;;;;;;;Chaturthī;;#REF!;;;;;;;;;;;;;;;;;;;;;;;;;;;;;;;;;;;;;
;;Pañchamī;;9:59;3;Feb;2025;;;6:22;;17;Feb;2020;20;6;;;;;;;;Pañchamī;;#REF!;;;;;;;;;;;;;;;;;;;;;;;;;;;;;;;;;;;;;
;;Śaṣṭhī;;7:38;4;Feb;2025;;;6:21;;18;Feb;2020;21;6;;;;;;;;Śaṣṭhī;;#REF!;;;;;;;;;;;;;;;;;;;;;;;;;;;;;;;;;;;;;
;;Saptamī;;5:17;5;Feb;2025;;K;6:21;;19;Feb;2020;22;7;;;;;;;;Saptamī;;#REF!;;;;;;;;;;;;;;;;;;;;;;;;;;;;;;;;;;;;;
;;Aṣṭamī;;2:59;6;Feb;2025;;;6:20;;20;Feb;2020;23;8;;;;;;;;Aṣṭamī;;#REF!;;;;;;;;;;;;;;;;;;;;;;;;;;;;;;;;;;;;;
;;Navamī;;0:51;7;Feb;2025;;;6:20;;21;Feb;2020;24;9;;;;;;;;Navamī;;#REF!;;;;;;;;;;;;;;;;;;;;;;;;;;;;;;;;;;;;;
;;Daśamī;;22:57;7;Feb;2025;;;6:20;;22;Feb;2020;25;10;;;;;;;;Daśamī;;#REF!;;;;;;;;;;;;;;;;;;;;;;;;;;;;;;;;;;;;;
;;Ekādaśī;22:57;21:20;8;Feb;2025;;;6:19;;23;Feb;2020;26;11;;;;;;;;Ekādaśī;#REF!;#REF!;;;;;;;#REF!;;;;;;;;;;;;;;;;;;;;;;;;;;;;;;
;;Dvādaśī;21:20;20:06;9;Feb;2025;;;6:19;17:25;24;Feb;2020;27;12;;;;;;;;Dvādaśī;#REF!;#REF!;;;;;;#REF!;#REF!;;;;;;;;;;;;;;;;;;;;;;;;;;;;;;
;;Trayodaśī;20:06;19:18;10;Feb;2025;;;6:18;;25;Feb;2020;28;13;;;;;;;;Trayodaśī;#REF!;#REF!;;;;;;;;;;;;;;;;;;;;;;;;;;;;;;;;;;;;;
;;Chaturdaśī;;18:58;11;Feb;2025;;;6:18;;26;Feb;2020;29;14;;;;;;;;Chaturdaśī;;#REF!;;;;;;;;;;;;;;;;;;;;;;;;;;;;;;;;;;;;;
;;Pūrṇimā;18:58;19:09;12;Feb;2025;;;6:17;;27;Feb;2020;30;15;;;;;;;;Pūrṇimā;#REF!;#REF!;;;;;;;;;;;;;;;;;;;;;;;;;;;;;;;;;;;;;
;;;;;;;;;;;;;;;;;;;;;;;;;;;;;;;;;;;;;;;;;;;;;;;;;;;;;;;;;;;;;;;
;;;;;;;;;;;;;;;;;;;;;;;;;;;;;;;;;;;;;;;;;;;;;;;;;;;;;;;;;;;;;;;
;;;UTC:;?;;;;;;;;;;;;;;;;;;;;;UTC:;?;;;;;;;;;;;;;;;;;;;;;;;;;;;;;;;;;;;;;
Mās;Pak;Tithi;Start;End;Date;Mon;Year;A;K;Srise;Sset;Date;Mon;Year;VD;RT;Nakṣatra;Start;End;Date;Mon;Year;Day;Tithi;Start;End;Date;Mon;Year;Day;;;;;;;;;;;;;;;;;;;;;;;;;;;;;;;;;0
Govinda;K;Pratipad;;19:52;13;Feb;2025;;;6:16;;28;Feb;2020;1;1;;;;;;;;Pratipad;;#REF!;;;;;;;;;;;;;;;;;;;;;;;;;;;;;;;;;;;;;
;;Dvitīya;;21:04;14;Feb;2025;;;6:16;;1;Mar;2020;2;2;;;;;;;;Dvitīya;;#REF!;;;;;;;;;;;;;;;;;;;;;;;;;;;;;;;;;;;;;
;;Tṛtīya;;22:40;15;Feb;2025;;;6:15;;2;Mar;2020;3;3;;;;;;;;Tṛtīya;;#REF!;;;;;;;;;;;;;;;;;;;;;;;;;;;;;;;;;;;;;
;;Chaturthī;;0:37;17;Feb;2025;;;6:14;;3;Mar;2020;4;4;;;;;;;;Chaturthī;;#REF!;;;;;;;;;;;;;;;;;;;;;;;;;;;;;;;;;;;;;
;;Pañchamī;;2:44;18;Feb;2025;;;6:13;;4;Mar;2020;5;6;;;;;;;;Pañchamī;;#REF!;;;;;;;;;;;;;;;;;;;;;;;;;;;;;;;;;;;;;
;;Śaṣṭhī;;4:52;19;Feb;2025;;;6:13;;5;Mar;2020;6;7;;;;;;;;Śaṣṭhī;;#REF!;;;;;;;;;;;;;;;;;;;;;;;;;;;;;;;;;;;;;
;;Saptamī;;6:49;20;Feb;2025;A;;6:12;;6;Mar;2020;7;8;;;;;;;;Saptamī;;#REF!;;;;;;;;;;;;;;;;;;;;;;;;;;;;;;;;;;;;;
;;Aṣṭamī;;8:28;21;Feb;2025;;;6:11;;7;Mar;2020;8;9;;;;;;;;Aṣṭamī;;#REF!;;;;;;;;;;;;;;;;;;;;;;;;;;;;;;;;;;;;;
;;Navamī;;9:43;22;Feb;2025;;;6:10;;8;Mar;2020;9;10;;;;;;;;Navamī;;#REF!;;;;;;;;;;;;;;;;;;;;;;;;;;;;;;;;;;;;;
;;Daśamī;;10:29;23;Feb;2025;;;6:10;;9;Mar;2020;10;11;;;;;;;;Daśamī;;#REF!;;;;;;;;;;;;;;;;;;;;;;;;;;;;;;;;;;;;;
;;Ekādaśī;10:29;10:44;24;Feb;2025;;;6:09;17:44;10;Mar;2020;11;12;;;;;;;;Ekādaśī;#REF!;#REF!;;;;;;;;;;;;;;;;;;;;;;;;;;;;;;;;;;;;;
;;Dvādaśī;10:44;10:28;25;Feb;2025;;;6:08;;11;Mar;2020;12;13;X;;;;;;;Dvādaśī;#REF!;#REF!;;;;;;;;;;;;;;;;;;;;;;;;;;;;;;;;;;;;;
;;Trayodaśī;10:28;9:42;26;Feb;2025;;;6:07;;12;Mar;2020;13;14;;;;;;;;Trayodaśī;#REF!;#REF!;;;;;;;;;;;;;;;;;;;;;;;;;;;;;;;;;;;;;
;;Chaturdaśī;;8:31;27;Feb;2025;;;6:06;;13;Mar;2020;14;15;;;;;;;;Chaturdaśī;;#REF!;;;;;;;;;;;;;;;;;;;;;;;;;;;;;;;;;;;;;
;;Amāvasyā;8:30;6:56;28;Feb;2025;;;6:05;;14;Mar;2020;15;1;;;;;;;;Amāvasyā;#REF!;#REF!;;;;;;;;;;;;;;;;;;;;;;;;;;;;;;;;;;;;;
Govinda;G;Pratipad;;5:04;1;Mar;2025;;K;6:05;;15;Mar;2020;16;2;;;;;;;;Pratipad;;#REF!;;;;;;;;;;;;;;;;;;;;;;;;;;;;;;;;;;;;;
;;Dvitīya;;2:57;2;Mar;2025;;;6:04;;16;Mar;2020;17;3;;;;;;;;Dvitīya;;#REF!;;;;;;;;;;;;;;;;;;;;;;;;;;;;;;;;;;;;;
;;Tṛtīya;;0:40;3;Mar;2025;;;6:04;;17;Mar;2020;18;4;;;;;;;;Tṛtīya;;#REF!;;;;;;;;;;;;;;;;;;;;;;;;;;;;;;;;;;;;;
;;Chaturthī;;22:17;3;Mar;2025;;;6:03;;18;Mar;2020;19;5;;;;;;;;Chaturthī;;#REF!;;;;;;;;;;;;;;;;;;;;;;;;;;;;;;;;;;;;;
;;Pañchamī;;19:55;4;Mar;2025;;;6:02;;19;Mar;2020;20;6;;;;;;;;Pañchamī;;#REF!;;;;;;;;;;;;;;;;;;;;;;;;;;;;;;;;;;;;;
;;Śaṣṭhī;;17:36;5;Mar;2025;;;6:01;;20;Mar;2020;21;7;;;;;;;;Śaṣṭhī;;#REF!;;;;;;;;;;;;;;;;;;;;;;;;;;;;;;;;;;;;;
;;Saptamī;;15:27;6;Mar;2025;;;6:00;;21;Mar;2020;22;8;;;;;;;;Saptamī;;#REF!;;;;;;;;;;;;;;;;;;;;;;;;;;;;;;;;;;;;;
;;Aṣṭamī;;13:32;7;Mar;2025;;;5:59;;22;Mar;2020;23;9;;;;;;;;Aṣṭamī;;#REF!;;;;;;;;;;;;;;;;;;;;;;;;;;;;;;;;;;;;;
;;Navamī;;11:54;8;Mar;2025;;;5:58;;23;Mar;2020;24;10;;;;;;;;Navamī;;#REF!;;;;;;;;;;;;;;;;;;;;;;;;;;;;;;;;;;;;;
;;Daśamī;;10:39;9;Mar;2025;;;5:57;;24;Mar;2020;25;10;;;;;;;;Daśamī;;#REF!;;;;;;;;;;;;;;;;;;;;;;;;;;;;;;;;;;;;;
;;Ekādaśī;10:39;9:50;10;Mar;2025;;;5:56;;25;Mar;2020;26;11;N;;;;;;;Ekādaśī;#REF!;#REF!;;;;;;;#REF!;;;;;;;;;;;;;;;;;;;;;;;;;;;;;;
;;Dvādaśī;9:50;9:31;11;Mar;2025;;;5:55;17:40;26;Mar;2020;27;13;;;;;;;;Dvādaśī;#REF!;#REF!;;;;;;#REF!;#REF!;;;;;;;;;;;;;;;;;;;;;;;;;;;;;;
;;Trayodaśī;9:31;9:41;12;Mar;2025;;;5:54;;27;Mar;2020;28;14;;;;;;;;Trayodaśī;#REF!;#REF!;;;;;;;;;;;;;;;;;;;;;;;;;;;;;;;;;;;;;
;;Chaturdaśī;;10:24;13;Mar;2025;;;5:53;;28;Mar;2020;29;15;;;;;;;;Chaturdaśī;;#REF!;;;;;;;;;;;;;;;;;;;;;;;;;;;;;;;;;;;;;
;;Pūrṇimā;10:23;11:35;14;Mar;2025;;;5:52;;;;;;;;;;;;;;Pūrṇimā;#REF!;#REF!;;;;;;;;;;;;;;;;;;;;;;;;;;;;;;;;;;;;;
;;;;;;;;;;;;;;;;;;;;;;;;;;;;;;;;;;;;;;;;;;;;;;;;;;;;;;;;;;;;;;;
;;;;;;;;;;;;;;;;;;;;;;;;;;;;;;;;;;;;;;;;;;;;;;;;;;;;;;;;;;;;;;;
;;;UTC:;?;;;;;;;;;;;;;;;;;;;;;UTC:;?;;;;;;;;;;;;;;;;;;;;;;;;;;;;;;;;;;;;;
Mās;Pak;Tithi;Start;End;Date;Mon;Year;A;K;Srise;Sset;Date;Mon;Year;VD;RT;Nakṣatra;Start;End;Date;Mon;Year;Day;Tithi;Start;End;Date;Mon;Year;Day;;;;;;;;;;;;;;;;;;;;;;;;;;;;;;;;;0
Viṣṇu;K;Pratipad;;13:11;15;Mar;2025;;;5:52;;29;Mar;2020;1;1;;;;;;;;Pratipad;;#REF!;;;;;;;;;;;;;;;;;;;;;;;;;;;;;;;;;;;;;
;;Dvitīya;;15:06;16;Mar;2025;;;5:51;;30;Mar;2020;2;2;;;;;;;;Dvitīya;;#REF!;;;;;;;;;;;;;;;;;;;;;;;;;;;;;;;;;;;;;
;;Tṛtīya;;17:11;17;Mar;2025;;;5:50;;31;Mar;2020;3;3;;;;;;;;Tṛtīya;;#REF!;;;;;;;;;;;;;;;;;;;;;;;;;;;;;;;;;;;;;
;;Chaturthī;;19:17;18;Mar;2025;;;5:49;;1;Apr;2020;4;4;;;;;;;;Chaturthī;;#REF!;;;;;;;;;;;;;;;;;;;;;;;;;;;;;;;;;;;;;
;;Pañchamī;;21:13;19;Mar;2025;;;5:48;;2;Apr;2020;5;5;;;;;;;;Pañchamī;;#REF!;;;;;;;;;;;;;;;;;;;;;;;;;;;;;;;;;;;;;
;;Śaṣṭhī;;22:49;20;Mar;2025;;;5:47;;3;Apr;2020;6;6;;;;;;;;Śaṣṭhī;;#REF!;;;;;;;;;;;;;;;;;;;;;;;;;;;;;;;;;;;;;
;;Saptamī;;0:01;22;Mar;2025;;;5:45;;4;Apr;2020;7;7;;;;;;;;Saptamī;;#REF!;;;;;;;;;;;;;;;;;;;;;;;;;;;;;;;;;;;;;
;;Aṣṭamī;;0:43;23;Mar;2025;;;5:44;;5;Apr;2020;8;8;;;;;;;;Aṣṭamī;;#REF!;;;;;;;;;;;;;;;;;;;;;;;;;;;;;;;;;;;;;
;;Navamī;;0:55;24;Mar;2025;;;5:44;;6;Apr;2020;9;9;;;;;;;;Navamī;;#REF!;;;;;;;;;;;;;;;;;;;;;;;;;;;;;;;;;;;;;
;;Daśamī;;0:36;25;Mar;2025;;;5:43;;7;Apr;2020;10;11;;;;;;;;Daśamī;;#REF!;;;;;;;;;;;;;;;;;;;;;;;;;;;;;;;;;;;;;
;;Ekādaśī;0:36;23:47;25;Mar;2025;;;5:42;17:46;8;Apr;2020;11;12;;;;;;;;Ekādaśī;#REF!;#REF!;;;;;;;;;;;;;;;;;;;;;;;;;;;;;;;;;;;;;
;;Dvādaśī;23:47;22:33;26;Mar;2025;;;5:41;;9;Apr;2020;12;13;X;;;;;;;Dvādaśī;#REF!;#REF!;;;;;;;;;;;;;;;;;;;;;;;;;;;;;;;;;;;;;
;;Trayodaśī;22:33;20:56;27;Mar;2025;;;5:40;;10;Apr;2020;13;14;;;;;;;;Trayodaśī;#REF!;#REF!;;;;;;;;;;;;;;;;;;;;;;;;;;;;;;;;;;;;;
;;Chaturdaśī;;19:01;28;Mar;2025;;;5:39;;11;Apr;2020;14;14;;;;;;;;Chaturdaśī;;#REF!;;;;;;;;;;;;;;;;;;;;;;;;;;;;;;;;;;;;;
;;Amāvasyā;19:00;16:51;29;Mar;2025;;;5:38;;12;Apr;2020;15;15;;;;;;;;Amāvasyā;#REF!;#REF!;;;;;;;;;;;;;;;;;;;;;;;;;;;;;;;;;;;;;
Viṣṇu;G;Pratipad;;14:32;30;Mar;2025;;;5:37;;13;Apr;2020;16;1;;;;;;;;Pratipad;;#REF!;;;;;;;;;;;;;;;;;;;;;;;;;;;;;;;;;;;;;
;;Dvitīya;;12:08;31;Mar;2025;;;5:36;;14;Apr;2020;17;2;;;;;;;;Dvitīya;;#REF!;;;;;;;;;;;;;;;;;;;;;;;;;;;;;;;;;;;;;
;;Tṛtīya;;9:43;1;Apr;2025;;;5:35;;27;Mar;2020;18;3;;;;;;;;Tṛtīya;;9:42;;;;;;;;;;;;;;;;;;;;;;;;;;;;;;;;;;;;;
;;Chaturthī;;7:23;2;Apr;2025;;;5:34;;28;Mar;2020;19;4;;;;;;;;Chaturthī;;7:23;;;;;;;;;;;;;;;;;;;;;;;;;;;;;;;;;;;;;
;;Pañchamī;;5:15;3;Apr;2025;;;5:33;;29;Mar;2020;20;5;;;;;;;;Pañchamī;;5:15;;;;;;;;;;;;;;;;;;;;;;;;;;;;;;;;;;;;;
;;Śaṣṭhī;;3:18;4;Apr;2025;;;5:32;;30;Mar;2020;21;6;;;;;;;;Śaṣṭhī;;3:18;;;;;;;;;;;;;;;;;;;;;;;;;;;;;;;;;;;;;
;;Saptamī;;1:39;5;Apr;2025;;;5:31;;31;Mar;2020;22;7;;;;;;;;Saptamī;;1:39;;;;;;;;;;;;;;;;;;;;;;;;;;;;;;;;;;;;;
;;Aṣṭamī;;0:23;6;Apr;2025;;;5:30;;1;Apr;2020;23;8;;;;;;;;Aṣṭamī;;0:22;;;;;;;;;;;;;;;;;;;;;;;;;;;;;;;;;;;;;
;;Navamī;;23:32;6;Apr;2025;;;5:30;;2;Apr;2020;24;9;;;;;;;;Navamī;;23:32;;;;;;;;;;;;;;;;;;;;;;;;;;;;;;;;;;;;;
;;Daśamī;;23:11;7;Apr;2025;;;5:29;;3;Apr;2020;25;10;;;;;;;;Daśamī;;23:10;;;;;;;;;;;;;;;;;;;;;;;;;;;;;;;;;;;;;
;;Ekādaśī;23:11;23:20;8;Apr;2025;;;5:28;;4;Apr;2020;26;11;;;;;;;;Ekādaśī;23:10;23:19;;;;;;;0:00;;;;;;;;;;;;;;;;;;;;;;;;;;;;;;
;;Dvādaśī;23:20;23:49;9;Apr;2025;;;5:27;17:52;5;Apr;2020;27;12;N;;;;;;;Dvādaśī;23:19;23:48;;;;;;0:00;0:00;;;;;;;;;;;;;;;;;;;;;;;;;;;;;;
;;Trayodaśī;23:49;1:10;11;Apr;2025;;;5:25;17:53;6;Apr;2020;28;13;;;;;;;;Trayodaśī;23:48;1:09;;;;;;;;;;;;;;;;;;;;;;;;;;;;;;;;;;;;;
;;Chaturdaśī;;2:44;12;Apr;2025;;;5:24;;7;Apr;2020;29;14;;;;;;;;Chaturdaśī;;2:44;;;;;;;;;;;;;;;;;;;;;;;;;;;;;;;;;;;;;
;;Pūrṇimā;2:44;4:37;13;Apr;2025;;;5:23;;8;Apr;2020;30;15;;;;;;;;Pūrṇimā;2:44;4:36;;;;;;;;;;;;;;;;;;;;;;;;;;;;;;;;;;;;;
;;;;;;;;;;;;;;;;;;;;;;;;;;;;;;;;;;;;;;;;;;;;;;;;;;;;;;;;;;;;;;;
;;;;;;;;;;;;;;;;;;;;;;;;;;;;;;;;;;;;;;;;;;;;;;;;;;;;;;;;;;;;;;;
;;;;;;;;;;;;;;;;;;;;;;;;;;;;;;;;;;;;;;;;;;;;;;;;;;;;;;;;;;;;;;;
Mās;Pak;Tithi;Start;End;Date;Mon;Year;A;K;Srise;Sset;Date;Mon;Year;VD;RT;Nakṣatra;Start;End;Date;Mon;Year;Day;Tithi;Start;End;Date;Mon;Year;Day;;;;;;;;;;;;;;;;;;;;;;;;;;;;;;;;;0
Madhusūdan;K;Pratipad;;6:39;14;Apr;2025;A;;5:22;;;Apr;2020;1;1;;;;;;;;Pratipad;;6:38;;;;;;;;;;;;;;;;;;;;;;;;;;;;;;;;;;;;;
End Beng;;Dvitīya;;;;Apr;;;;;;;Apr;2020;2;3;;;;;;;;Dvitīya;;0:00;;;;;;;;;;;;;;;;;;;;;;;;;;;;;;;;;;;;;
;;Tṛtīya;;;;Apr;;;;;;;Apr;2020;3;4;;;;;;;;Tṛtīya;;0:00;;;;;;;;;;;;;;;;;;;;;;;;;;;;;;;;;;;;;
;;Chaturthī;;;;Apr;;;;;;;Apr;2020;4;5;;;;;;;;Chaturthī;;0:00;;;;;;;;;;;;;;;;;;;;;;;;;;;;;;;;;;;;;
;;Pañchamī;;;;Apr;;;;;;;Apr;2020;5;6;;;;;;;;Pañchamī;;0:00;;;;;;;;;;;;;;;;;;;;;;;;;;;;;;;;;;;;;
;;Śaṣṭhī;;;;Apr;;;;;;;Apr;2020;6;7;;;;;;;;Śaṣṭhī;;0:00;;;;;;;;;;;;;;;;;;;;;;;;;;;;;;;;;;;;;
;;Saptamī;;;;Apr;;;;;;;Apr;2020;7;8;;;;;;;;Saptamī;;0:00;;;;;;;;;;;;;;;;;;;;;;;;;;;;;;;;;;;;;
;;Aṣṭamī;;;;Apr;;;;;;;Apr;2020;8;9;;;;;;;;Aṣṭamī;;0:00;;;;;;;;;;;;;;;;;;;;;;;;;;;;;;;;;;;;;
;;Navamī;;;;Apr;;;;;;;Apr;2020;9;10;;;;;;;;Navamī;;0:00;;;;;;;;;;;;;;;;;;;;;;;;;;;;;;;;;;;;;
;;Daśamī;;;;Apr;;;;;;15;Apr;2023;10;11;;;;;;;;Daśamī;;0:00;;;;;;;;;;;;;;;;;;;;;;;;;;;;;;;;;;;;;
;;Ekādaśī;;;;Apr;;;;;;16;Apr;2023;11;12;;;;;;;;Ekādaśī;0:00;0:00;;;;;;;;;;;;;;;;;;;;;;;;;;;;;;;;;;;;;
;;Dvādaśī;;;;Apr;;;;;;17;Apr;2023;12;13;X;;;;;;;Dvādaśī;0:00;0:00;;;;;;;;;;;;;;;;;;;;;;;;;;;;;;;;;;;;;
;;Trayodaśī;;;;Apr;;;;;;18;Apr;2023;13;14;;;;;;;;Trayodaśī;0:00;0:00;;;;;;;;;;;;;;;;;;;;;;;;;;;;;;;;;;;;;
;;Chaturdaśī;;;;Apr;;;;;;19;Apr;2023;14;14;;;;;;;;Chaturdaśī;;0:00;;;;;;;;;;;;;;;;;;;;;;;;;;;;;;;;;;;;;
;;Amāvasyā;;;;Apr;;;;;;20;Apr;2023;15;15;;;;;;;;Amāvasyā;0:00;0:00;;;;;;;;;;;;;;;;;;;;;;;;;;;;;;;;;;;;;
Madhusūdan;G;Pratipad;;;;Apr;;;;;;21;Apr;2023;16;1;;;;;;;;Pratipad;;0:00;;;;;;;;;;;;;;;;;;;;;;;;;;;;;;;;;;;;;
;;Dvitīya;;;;Apr;;;;;;22;Apr;2023;17;2;;;;;;;;Dvitīya;;0:00;;;;;;;;;;;;;;;;;;;;;;;;;;;;;;;;;;;;;
;;Tṛtīya;;;;Apr;;;;;;23;Apr;2023;18;3;;;;;;;;Tṛtīya;;0:00;;;;;;;;;;;;;;;;;;;;;;;;;;;;;;;;;;;;;
;;Chaturthī;;;;Apr;;;;;;24;Apr;2023;19;4;;;;;;;;Chaturthī;;0:00;;;;;;;;;;;;;;;;;;;;;;;;;;;;;;;;;;;;;
;;Pañchamī;;;;Apr;;;;;;25;Apr;2023;20;5;;;;;;;;Pañchamī;;0:00;;;;;;;;;;;;;;;;;;;;;;;;;;;;;;;;;;;;;
;;Śaṣṭhī;;;;Apr;;;;;;26;Apr;2023;21;6;;;;;;;;Śaṣṭhī;;0:00;;;;;;;;;;;;;;;;;;;;;;;;;;;;;;;;;;;;;
;;Saptamī;;;;Apr;;;;;;27;Apr;2023;22;7;;;;;;;;Saptamī;;0:00;;;;;;;;;;;;;;;;;;;;;;;;;;;;;;;;;;;;;
;;Aṣṭamī;;;;Apr;;;;;;28;Apr;2023;23;8;;;;;;;;Aṣṭamī;;0:00;;;;;;;;;;;;;;;;;;;;;;;;;;;;;;;;;;;;;
;;Navamī;;;;Apr;;;;;;29;Apr;2023;24;9;;;;;;;;Navamī;;0:00;;;;;;;;;;;;;;;;;;;;;;;;;;;;;;;;;;;;;
;;Daśamī;;;;Apr;;;;;;30;Apr;2023;25;11;;;;;;;;Daśamī;;0:00;;;;;;;;;;;;;;;;;;;;;;;;;;;;;;;;;;;;;
;;Ekādaśī;;;;May;;;;;;1;May;2023;26;12;;;;;;;;Ekādaśī;0:00;0:00;;;;;;;0:00;;;;;;;;;;;;;;;;;;;;;;;;;;;;;;
;;Dvādaśī;;;;May;;;;;;2;May;2023;27;13;N;;;;;;;Dvādaśī;0:00;0:00;;;;;;0:00;0:00;;;;;;;;;;;;;;;;;;;;;;;;;;;;;;
;;Trayodaśī;;;;May;;;;;;3;May;2023;28;14;;;;;;;;Trayodaśī;0:00;0:00;;;;;;;;;;;;;;;;;;;;;;;;;;;;;;;;;;;;;
;;Chaturdaśī;;;;May;;;;;;4;May;2023;29;15;;;;;;;;Chaturdaśī;;0:00;;;;;;;;;;;;;;;;;;;;;;;;;;;;;;;;;;;;;
;;Pūrṇimā;;;;May;;;;;;5;May;2023;;;;;;;;;;Pūrṇimā;0:00;0:00;;;;;;;;;;;;;;;;;;;;;;;;;;;;;;;;;;;;;
