Tithi and Nakṣatra Times,,,,,,Rohiṇī  (< Kṛttikā) = Jayantī Md,,,,,,,,,A: Ahorātra,,,,,,,,,,,,,,,,,,
Source:,,Madan Gupta Panjika,,,,Punarvasu (< Ārdrā) = Jayā,,,,,,,,,K: Kṣaya,,,,,,,,,,,,,,,,,,
Year:,,2020–21,,,,Puṣyā Puṣyā (< Punarvasu) = Pāpa-nāśinī,,,,,,,,,VD: Vaiṣṇava Month Day,,,,,,,,,,,,,,,,,,
Location:,,"Kolkata, India",,,,Śravaṇā (< Uttarāṣāḍhā) = Vijayā,,,,,,,,,RT: Relative tithi,,,,,,,,,Location for conversion:,,,,,,,,,
,,,,,,,,,,,,,,,,,,,,,,,,,,,,,,,,,
,,,,,,,,,,,,,,,,,,,,,,,,,,,,,,,,,
,,,Sign:,,,,,,,,,,,,,,,,,,,,,Difference in UTC:,,2:30,,,,,,,
,,,UTC:,?,,,,,,,,,,,,,,,,,,,,,UTC:,?,,,,,,,
Mās,Pak,Tithi,Start,End,Date,Mon,Year,A,K,Srise,Sset,Date,Mon,Year,VD,RT,Nakṣatra,Start,End,Date,Mon,Year,Day,Tithi,Start,End,Date,Mon,Year,Day,,,
Viṣṇu,K,Pratipad,,21:28,8,Mar,2020,,,5:56,,10,Mar,2020,1,1,,,,,,,,Pratipad,,18:58,,,,,,,
,,Dvitīya,,19:03,9,Mar,2020,,,5:55,,11,Mar,2020,2,2,,,,,,,,Dvitīya,,16:33,,,,,,,
,,Tṛtīya,,16:42,10,Mar,2020,,,5:54,,12,Mar,2020,3,3,,,,,,,,Tṛtīya,,14:12,,,,,,,
,,Chaturthī,,14:28,11,Mar,2020,,,5:54,,13,Mar,2020,4,4,,,,,,,,Chaturthī,,11:58,,,,,,,
,,Pañchamī,,12:25,12,Mar,2020,,,5:53,,14,Mar,2020,5,5,,,,,,,,Pañchamī,,9:55,,,,,,,
,,Śaṣṭhī,,10:38,13,Mar,2020,,,5:52,,15,Mar,2020,6,6,,,,,,,,Śaṣṭhī,,8:08,,,,,,,
,,Saptamī,,9:13,14,Mar,2020,,,5:51,,16,Mar,2020,7,7,,,,,,,,Saptamī,,6:43,,,,,,,
,,Aṣṭamī,,8:11,15,Mar,2020,,,5:50,,17,Mar,2020,8,8,,,,,,,,Aṣṭamī,,5:41,,,,,,,
,,Navamī,,7:37,16,Mar,2020,,,5:49,,18,Mar,2020,9,9,,,,,,,,Navamī,,5:07,,,,,,,
,,Daśamī,,7:32,17,Mar,2020,,,5:48,,19,Mar,2020,10,10,,,,,,,,Daśamī,,5:02,,,,,,,
,,Ekādaśī,7:32,7:58,18,Mar,2020,,,5:47,,20,Mar,2020,11,11,,,,,,,,Ekādaśī,5:02,5:28,,,,,,,
,,Dvādaśī,7:58,8:54,19,Mar,2020,,,5:46,17:44,21,Mar,2020,12,12,X,,,,,,,Dvādaśī,5:28,6:24,,,,,,,
,,Trayodaśī,8:54,10:18,20,Mar,2020,,,5:45,17:45,22,Mar,2020,13,13,,,,,,,,Trayodaśī,6:24,7:48,,,,,,,
,,Chaturdaśī,,12:03,21,Mar,2020,,,5:44,,23,Mar,2020,14,14,,,,,,,,Chaturdaśī,,9:33,,,,,,,
,,Amāvasyā,12:03,14:03,22,Mar,2020,,,5:43,,24,Mar,2020,15,15,,,,,,,,Amāvasyā,9:33,11:33,,,,,,,
Viṣṇu,G,Pratipad,,16:10,23,Mar,2020,,,5:42,,25,Mar,2020,16,1,,,,,,,,Pratipad,,13:40,,,,,,,
,,Dvitīya,,18:10,24,Mar,2020,,,5:41,,26,Mar,2020,17,2,,,,,,,,Dvitīya,,15:40,,,,,,,
,,Tṛtīya,,19:56,25,Mar,2020,,,5:40,,27,Mar,2020,18,3,,,,,,,,Tṛtīya,,17:26,,,,,,,
,,Chaturthī,,21:20,26,Mar,2020,,,5:39,,28,Mar,2020,19,4,,,,,,,,Chaturthī,,18:50,,,,,,,
,,Pañchamī,,22:17,27,Mar,2020,,,5:38,,29,Mar,2020,20,5,,,,,,,,Pañchamī,,19:47,,,,,,,
,,Śaṣṭhī,,22:44,28,Mar,2020,,,5:37,,30,Mar,2020,21,6,,,,,,,,Śaṣṭhī,,20:14,,,,,,,
,,Saptamī,,22:39,29,Mar,2020,,,5:36,,31,Mar,2020,22,7,,,,,,,,Saptamī,,20:09,,,,,,,
,,Aṣṭamī,,22:05,30,Apr,2020,,,5:35,,1,Apr,2020,23,8,,,,,,,,Aṣṭamī,,19:35,,,,,,,
,,Navamī,,21:03,31,Apr,2020,,,5:34,,2,Apr,2020,24,9,,,,,,,,Navamī,,18:33,,,,,,,
,,Daśamī,,19:35,1,Apr,2020,,,5:33,,3,Apr,2020,25,10,,,,,,,,Daśamī,,17:05,,,,,,,
,,Ekādaśī,19:35,17:47,2,Apr,2020,,,5:32,,4,Apr,2020,26,11,,,,,,,,Ekādaśī,17:05,15:17,,,,,,,21:30
,,Dvādaśī,17:47,15:43,3,Apr,2020,,,5:31,17:50,5,Apr,2020,27,12,N,,,,,,,Dvādaśī,15:17,13:13,,,,,,21:30,21:30
,,Trayodaśī,15:43,13:27,4,Apr,2020,,,5:30,17:51,6,Apr,2020,28,13,,,,,,,,Trayodaśī,13:13,10:57,,,,,,,
,,Chaturdaśī,,11:04,5,Apr,2020,,,5:29,,7,Apr,2020,29,14,,,,,,,,Chaturdaśī,,8:34,,,,,,,
,,Pūrṇimā,11:04,8:38,6,Apr,2020,,,5:28,,8,Apr,2020,30,15,,,,,,,,Pūrṇimā,8:34,6:08,,,,,,,
,,,,,,,,,,,,,,,,,,,,,,,,,,,,,,,,,
,,,,,,,,,,,,,,,,,,,,,,,,,,,,,,,,,
,,,UTC:,?,,,,,,,,,,,,,,,,,,,,,UTC:,?,,,,,,,
Mās,Pak,Tithi,Start,End,Date,Mon,Year,A,K,Srise,Sset,Date,Mon,Year,VD,RT,Nakṣatra,Start,End,Date,Mon,Year,Day,Tithi,Start,End,Date,Mon,Year,Day,,,
Madhusūdan,K,Pratipad,,6:14,,Apr,2020,,,5:27,,,Apr,2020,1,1,,,,,,,,Pratipad,,3:44,,,,,,,
,,Dvitīya,,4:01,,Apr,2020,,K,5:26,,,Apr,2020,2,3,,,,,,,,Dvitīya,,1:31,,,,,,,
,,Tṛtīya,,1:55,,Apr,2020,,,5:25,,,Apr,2020,3,4,,,,,,,,Tṛtīya,,20:28,,,,,,,
,,Chaturthī,,0:07,,Apr,2020,,,5:24,,,Apr,2020,4,5,,,,,,,,Chaturthī,,21:37,,,,,,,
,,Pañchamī,,22:39,,Apr,2020,,,5:23,,,Apr,2020,5,6,,,,,,,,Pañchamī,,20:09,,,,,,,
End Beng,,Śaṣṭhī,,21:37,,Apr,2020,,,5:22,,,Apr,2020,6,7,,,,,,,,Śaṣṭhī,,19:07,,,,,,,
,,Saptamī,,21:01,,Apr,2020,,,5:21,,,Apr,2020,7,8,,,,,,,,Saptamī,,18:31,,,,,,,
,,Aṣṭamī,,20:54,,Apr,2020,,,5:20,,,Apr,2020,8,9,,,,,,,,Aṣṭamī,,18:24,,,,,,,
,,Navamī,,21:18,,Apr,2020,,,5:19,,,Apr,2020,9,10,,,,,,,,Navamī,,18:48,,,,,,,
Start Beng,,Daśamī,,19:22,15,Apr,2023,,,5:21,,15,Apr,2023,10,11,,,,,,,,Daśamī,,16:52,,,,,,,
,,Ekādaśī,19:22,17:00,16,Apr,2023,,,5:21,,16,Apr,2023,11,12,,,,,,,,Ekādaśī,16:52,14:30,,,,,,,
,,Dvādaśī,17:00,14:46,17,Apr,2023,,,5:20,17:55,17,Apr,2023,12,13,X,,,,,,,Dvādaśī,14:30,12:16,,,,,,,
,,Trayodaśī,14:46,12:46,18,Apr,2023,,,5:19,,18,Apr,2023,13,14,,,,,,,,Trayodaśī,12:16,10:16,,,,,,,
,,Chaturdaśī,,11:02,19,Apr,2023,,,5:18,,19,Apr,2023,14,14,,,,,,,,Chaturdaśī,,8:32,,,,,,,
,,Amāvasyā,11:02,9:41,20,Apr,2023,,,5:17,,20,Apr,2023,15,15,,,,,,,,Amāvasyā,8:32,7:11,,,,,,,
Madhusūdan,G,Pratipad,,8:45,21,Apr,2023,,,5:16,,21,Apr,2023,16,1,,,,,,,,Pratipad,,6:15,,,,,,,
,,Dvitīya,,8:16,22,Apr,2023,,,5:16,,22,Apr,2023,17,2,,,,,,,,Dvitīya,,5:46,,,,,,,
,,Tṛtīya,,8:19,23,Apr,2023,,,5:15,,23,Apr,2023,18,3,,,,,,,,Tṛtīya,,5:49,,,,,,,
,,Chaturthī,,8:53,24,Apr,2023,,,5:14,,24,Apr,2023,19,4,,,,,,,,Chaturthī,,6:23,,,,,,,
,,Pañchamī,,9:56,25,Apr,2023,,,5:13,,25,Apr,2023,20,5,,,,,,,,Pañchamī,,7:26,,,,,,,
,,Śaṣṭhī,,11:25,26,Apr,2023,,,5:13,,26,Apr,2023,21,6,,,,,,,,Śaṣṭhī,,8:55,,,,,,,
,,Saptamī,,13:14,27,Apr,2023,,,5:12,,27,Apr,2023,22,7,,,,,,,,Saptamī,,10:44,,,,,,,
,,Aṣṭamī,,15:16,28,Apr,2023,,,5:11,,28,Apr,2023,23,8,,,,,,,,Aṣṭamī,,12:46,,,,,,,
,,Navamī,,17:20,29,Apr,2023,,,5:11,,29,Apr,2023,24,9,,,,,,,,Navamī,,14:50,,,,,,,
,,Daśamī,,19:13,30,Apr,2023,,,5:10,,30,Apr,2023,25,11,,,,,,,,Daśamī,,16:43,,,,,,,
,,Ekādaśī,19:13,20:51,1,May,2023,,,5:09,,1,May,2023,26,12,,,,,,,,Ekādaśī,16:43,18:21,,,,,,,21:30
,,Dvādaśī,20:51,22:05,2,May,2023,,,5:09,18:01,2,May,2023,27,13,N,,,,,,,Dvādaśī,18:21,19:35,,,,,,21:30,21:30
,,Trayodaśī,22:05,22:51,3,May,2023,,,5:08,,3,May,2023,28,14,,,,,,,,Trayodaśī,19:35,20:21,,,,,,,
,,Chaturdaśī,,23:06,4,May,2023,,,5:07,,4,May,2023,29,15,,,,,,,,Chaturdaśī,,20:36,,,,,,,
,,Pūrṇimā,23:06,22:50,5,May,2023,,,5:06,,5,May,2023,,,,,,,,,,Pūrṇimā,20:36,20:20,,,,,,,
,,,,,,,,,,,,,,,,,,,,,,,,,,,,,,,,,
,,,,,,,,,,,,,,,,,,,,,,,,,,,,,,,,,
,,,UTC:,?,,,,,,,,,,,,,,,,,,,,,UTC:,?,,,,,,,
Mās,Pak,Tithi,Start,End,Date,Mon,Year,A,K,Srise,Sset,Date,Mon,Year,VD,RT,Nakṣatra,Start,End,Date,Mon,Year,Day,Tithi,Start,End,Date,Mon,Year,Day,,,
Trivikram,K,Pratipad,,22:06,6,May,2023,,,5:05,,6,May,2020,1,1,,,,,,,,Pratipad,,19:36,,,,,,,
,,Dvitīya,,20:54,7,May,2023,,,5:05,,7,May,2020,2,2,,,,,,,,Dvitīya,,16:49,,,,,,,
,,Tṛtīya,,19:19,8,May,2023,,,5:05,,8,May,2020,3,3,,,,,,,,Tṛtīya,,14:55,,,,,,,
,,Chaturthī,,17:25,9,May,2023,,,5:04,,9,May,2020,4,4,,,,,,,,Chaturthī,,12:56,,,,,,,
,,Pañchamī,,15:26,10,May,2023,,,5:04,,10,May,2020,5,5,,,,,,,,Pañchamī,,12:56,,,,,,,
,,Śaṣṭhī,,12:56,11,May,2023,,,5:03,,11,May,2020,6,6,,,,,,,,Śaṣṭhī,,10:26,,,,,,,
,,Saptamī,,10:30,12,May,2023,,,5:03,,12,May,2020,7,7,,,,,,,,Saptamī,,8:00,,,,,,,
,,Aṣṭamī,,8:03,13,May,2023,,,5:02,,13,May,2020,8,8,,,,,,,,Aṣṭamī,,5:33,,,,,,,
,,Navamī,,5:40,14,May,2023,,,5:01,,14,May,2020,9,9,,,,,,,,Navamī,,3:10,,,,,,,
,,Daśamī,,3:25,15,May,2023,,,5:01,,15,May,2020,10,10,,,,,,,,Daśamī,,0:55,,,,,,,
,,Ekādaśī,3:25,1:23,16,May,2023,,,5:01,,16,May,2020,11,11,,,,,,,,Ekādaśī,0:55,22:53,,,,,,,
,,Dvādaśī,1:23,23:37,16,May,2023,,,5:01,18:07,17,May,2020,12,12,X,,,,,,,Dvādaśī,22:53,21:07,,,,,,,
,,Trayodaśī,23:37,22:18,17,May,2023,,,5:00,,18,May,2020,13,13,,,,,,,,Trayodaśī,21:07,19:48,,,,,,,
,,Chaturdaśī,,21:15,18,May,2023,,,4:59,,19,May,2020,14,14,,,,,,,,Chaturdaśī,,18:45,,,,,,,
,,Amāvasyā,21:15,20:45,19,May,2023,,,4:59,,22,May,2020,15,15,,,,,,,,Amāvasyā,18:45,18:15,,,,,,,
Trivikram,G,Pratipad,,20:44,20,May,2023,,,4:58,,23,May,2020,16,1,,,,,,,,Pratipad,,18:14,,,,,,,
,,Dvitīya,,21:15,21,May,2023,,,4:58,,24,May,2020,17,2,,,,,,,,Dvitīya,,18:45,,,,,,,
,,Tṛtīya,,22:16,22,May,2023,,,4:57,,25,May,2020,18,3,,,,,,,,Tṛtīya,,19:46,,,,,,,
,,Chaturthī,,23:42,23,May,2023,,,4:57,,26,May,2020,19,4,,,,,,,,Chaturthī,,21:12,,,,,,,
,,Pañchamī,,1:28,25,May,2023,,,4:57,,27,May,2020,20,5,,,,,,,,Pañchamī,,22:58,,,,,,,
,,Śaṣṭhī,,3:28,26,May,2023,,,4:57,,28,May,2020,21,6,,,,,,,,Śaṣṭhī,,0:58,,,,,,,
,,Saptamī,,5:31,27,May,2023,A,,4:56,,29,May,2020,22,7,,,,,,,,Saptamī,,3:01,,,,,,,
,,Aṣṭamī,,7:25,28,May,2023,,,4:56,,30,May,2020,23,8,,,,,,,,Aṣṭamī,,4:55,,,,,,,
,,Navamī,,9:03,29,May,2023,,,4:56,,31,May,2020,24,9,,,,,,,,Navamī,,6:33,,,,,,,
,,Daśamī,,10:17,30,May,2023,,,4:56,,1,Jun,2020,25,10,,,,,,,,Daśamī,,7:47,,,,,,,
,,Ekādaśī,10:17,11:03,31,May,2023,,,4:56,,2,Jun,2020,26,11,,,,,,,,Ekādaśī,7:47,8:33,,,,,,,0:00
,,Dvādaśī,11:03,11:18,1,Jun,2023,,,4:56,18:14,3,Jun,2020,27,12,N,,,,,,,Dvādaśī,8:33,8:48,,,,,,0:00,0:00
,,Trayodaśī,11:18,11:03,2,Jun,2023,,,4:56,,4,Jun,2020,28,13,,,,,,,,Trayodaśī,8:48,8:33,,,,,,,
,,Chaturdaśī,,10:18,3,Jun,2023,,,4:56,,5,Jun,2020,29,15,,,,,,,,Chaturdaśī,,7:48,,,,,,,
,,Pūrṇimā,10:18,9:06,4,Jun,2023,,,4:56,,,,,,,,,,,,,,Pūrṇimā,7:48,6:36,,,,,,,
,,,,,,,,,,,,,,,,,,,,,,,,,,,,,,,,,
,,,,,,,,,,,,,,,,,,,,,,,,,,,,,,,,,
,,,UTC:,?,,,,,,,,,,,,,,,,,,,,,UTC:,?,,,,,,,
Mās,Pak,Tithi,Start,End,Date,Mon,Year,A,K,Srise,Sset,Date,Mon,Year,VD,RT,Nakṣatra,Start,End,Date,Mon,Year,Day,Tithi,Start,End,Date,Mon,Year,Day,,,
Vāman,K,Pratipad,,7:31,5,Jun,2023,,,4:56,,6,Jun,2020,1,1,,,,,,,,Pratipad,,5:01,,,,,,,
,,Dvitīya,,5:37,6,Jun,2023,,,4:56,,7,Jun,2020,2,2,,,,,,,,Dvitīya,,3:07,,,,,,,
,,Tṛtīya,,3:27,7,Jun,2023,,K,4:56,,8,Jun,2020,3,3,,,,,,,,Tṛtīya,,0:57,,,,,,,
,,Chaturthī,,1:07,8,Jun,2023,,,4:56,,9,Jun,2020,4,4,,,,,,,,Chaturthī,,22:37,,,,,,,
,,Pañchamī,,22:41,8,Jun,2023,,,4:56,,10,Jun,2020,5,5,,,,,,,,Pañchamī,,20:11,,,,,,,
,,Śaṣṭhī,,20:12,9,Jun,2023,,,4:56,,11,Jun,2020,6,6,,,,,,,,Śaṣṭhī,,17:42,,,,,,,
,,Saptamī,,17:47,10,Jun,2023,,,4:56,,12,Jun,2020,7,7,,,,,,,,Saptamī,,15:17,,,,,,,
,,Aṣṭamī,,15:31,11,Jun,2023,,,4:56,,13,Jun,2020,8,8,,,,,,,,Aṣṭamī,,13:01,,,,,,,
,,Navamī,,13:27,12,Jun,2023,,,4:56,,14,Jun,2020,9,9,,,,,,,,Navamī,,10:57,,,,,,,
,,Daśamī,,11:40,13,Jun,2023,,,4:56,,15,Jun,2020,10,10,,,,,,,,Daśamī,,9:10,,,,,,,
,,Ekādaśī,11:40,10:15,14,Jun,2023,,,4:56,,16,Jun,2020,11,10,,,,,,,,Ekādaśī,9:10,7:45,,,,,,,
,,Dvādaśī,10:15,9:13,15,Jun,2023,,,4:56,18:20,17,Jun,2020,12,11,X,,,,,,,Dvādaśī,7:45,6:43,,,,,,,
,,Trayodaśī,9:13,8:40,16,Jun,2023,,,4:56,18:21,18,Jun,2020,13,12,,,,,,,,Trayodaśī,6:43,6:10,,,,,,,
,,Chaturdaśī,,8:37,17,Jun,2023,,,4:56,,19,Jun,2020,14,13,,,,,,,,Chaturdaśī,,6:07,,,,,,,
,,Amāvasyā,8:37,9:05,18,Jun,2023,,,4:56,,20,Jun,2020,15,14,,,,,,,,Amāvasyā,6:07,6:35,,,,,,,
Vāman,G,Pratipad,,9:59,19,Jun,2023,,,4:56,,21,Jun,2020,16,15,Eclipse,,,,,,,Pratipad,,7:29,,,,,,,
,,Dvitīya,,11:27,20,Jun,2023,,,4:56,,22,Jun,2020,17,1,,,,,,,,Dvitīya,,8:57,,,,,,,
,,Tṛtīya,,13:11,21,Jun,2023,,,4:56,,23,Jun,2020,18,2,,,,,,,,Tṛtīya,,10:41,,,,,,,
,,Chaturthī,,15:08,22,Jun,2023,,,4:56,,24,Jun,2020,19,3,,,,,,,,Chaturthī,,12:38,,,,,,,
,,Pañchamī,,17:10,23,Jun,2023,,,4:56,,25,Jun,2020,20,4,,,,,,,,Pañchamī,,14:40,,,,,,,
,,Śaṣṭhī,,19:04,24,Jun,2023,,,4:56,,26,Jun,2020,21,5,,,,,,,,Śaṣṭhī,,16:34,,,,,,,
,,Saptamī,,20:43,25,Jun,2023,,,4:56,,27,Jun,2020,22,7,,,,,,,,Saptamī,,18:13,,,,,,,
,,Aṣṭamī,,21:58,26,Jun,2023,,,4:57,,28,Jun,2020,23,8,,,,,,,,Aṣṭamī,,19:28,,,,,,,
,,Navamī,,22:47,27,Jun,2023,,,4:57,,29,Jun,2020,24,9,,,,,,,,Navamī,,20:17,,,,,,,
,,Daśamī,,23:03,28,Jun,2023,,,4:58,,30,Jun,2020,25,10,,,,,,,,Daśamī,,20:33,,,,,,,
,,Ekādaśī,23:03,22:49,29,Jun,2023,,,4:58,,1,Jul,2020,26,11,,,,,,,,Ekādaśī,20:33,20:19,,,,,,,21:30
,,Dvādaśī,22:49,22:06,30,Jun,2023,,,4:58,18:24,2,Jul,2020,27,12,,,,,,,,Dvādaśī,20:19,19:36,,,,,,21:30,21:30
,,Trayodaśī,22:06,20:56,1,Jul,2023,,,4:59,,3,Jul,2020,28,13,,,,,,,,Trayodaśī,19:36,18:26,,,,,,,
,,Chaturdaśī,,19:22,2,Jul,2023,,,4:59,,4,Jul,2020,29,14,,,,,,,,Chaturdaśī,,16:52,,,,,,,
,,Pūrṇimā,19:22,17:28,3,Jul,2023,,,5:00,,5,Jul,2020,30,15,,,,,,,,Pūrṇimā,16:52,14:58,,,,,,,
,,,,,,,,,,,,,,,,,,,,,,,,,,,,,,,,,
,,,,,,,,,,,,,,,,,,,,,,,,,,,,,,,,,
,,,UTC:,?,,,,,,,,,,,,,,,,,,,,,UTC:,?,,,,,,,
Mās,Pak,Tithi,Start,End,Date,Mon,Year,A,K,Srise,Sset,Date,Mon,Year,VD,RT,Nakṣatra,Start,End,Date,Mon,Year,Day,Tithi,Start,End,Date,Mon,Year,Day,,,
Śrīdhar,K,Pratipad,,15:19,4,Jul,2023,,,5:00,,6,Jul,2020,1,1,,,,,,,,Pratipad,,12:49,,,,,,,
,,Dvitīya,,12:59,5,Jul,2023,,,5:00,,7,Jul,2020,2,2,,,,,,,,Dvitīya,,10:29,,,,,,,
,,Tṛtīya,,10:32,6,Jul,2023,,,5:01,,8,Jul,2020,3,3,,,,,,,,Tṛtīya,,2:31,,,,,,,
,,Chaturthī,,8:03,7,Jul,2023,,,5:01,,9,Jul,2020,4,4,,,,,,,,Chaturthī,,5:33,,,,,,,
,,Pañchamī,,5:37,8,Jul,2023,,,5:02,,10,Jul,2020,5,5,,,,,,,,Pañchamī,,3:07,,,,,,,
,,Śaṣṭhī,,3:19,9,Jul,2023,,,5:02,,11,Jul,2020,6,6,,,,,,,,Śaṣṭhī,,0:49,,,,,,,
,,Saptamī,,1:14,10,Jul,2023,,,5:02,,12,Jul,2020,7,7,,,,,,,,Saptamī,,22:44,,,,,,,
,,Aṣṭamī,,23:24,10,Jul,2023,,,5:02,,13,Jul,2020,8,8,,,,,,,,Aṣṭamī,,20:54,,,,,,,
,,Navamī,,21:57,11,Jul,2023,,,5:03,,14,Jul,2020,9,9,,,,,,,,Navamī,,19:27,,,,,,,
,,Daśamī,,20:45,12,Jul,2023,,,5:03,,15,Jul,2020,10,10,,,,,,,,Daśamī,,18:15,,,,,,,
,,Ekādaśī,20:45,20:18,13,Jul,2023,,,5:03,,16,Jul,2020,11,11,,,,,,,,Ekādaśī,18:15,17:48,,,,,,,
,,Dvādaśī,20:18,20:13,14,Jul,2023,,,5:04,18:23,17,Jul,2020,12,12,X,,,,,,,Dvādaśī,17:48,17:43,,,,,,,
,,Trayodaśī,20:13,20:39,15,Jul,2023,,,5:04,,18,Jul,2020,13,13,,,,,,,,Trayodaśī,17:43,18:09,,,,,,,
,,Chaturdaśī,,21:34,16,Jul,2023,,,5:04,,19,Jul,2020,14,14,,,,,,,,Chaturdaśī,,19:04,,,,,,,
,,Amāvasyā,21:34,22:56,17,Jul,2023,,,5:05,,20,Jul,2020,15,15,,,,,,,,Amāvasyā,19:04,20:26,,,,,,,
Purushottam,G,Pratipad,,0:39,19,Jul,2023,,,5:05,,21,Jul,2020,16,1,,,,,,,,Pratipad,,22:09,,,,,,,
,,Dvitīya,,2:36,20,Jul,2023,,,5:05,,22,Jul,2020,17,2,,,,,,,,Dvitīya,,0:06,,,,,,,
,,Tṛtīya,,4:38,21,Jul,2023,,,5:05,,23,Jul,2020,18,3,,,,,,,,Tṛtīya,,2:08,,,,,,,
,,Chaturthī,,6:32,22,Jul,2023,A,,5:06,,24,Jul,2020,19,4,,,,,,,,Chaturthī,,4:02,,,,,,,
,,Pañchamī,,8:12,23,Jul,2023,,,5:06,,25,Jul,2020,20,5,,,,,,,,Pañchamī,,5:42,,,,,,,
,,Śaṣṭhī,,9:28,24,Jul,2023,,,5:07,,26,Jul,2020,21,6,,,,,,,,Śaṣṭhī,,6:58,,,,,,,
,,Saptamī,,10:19,25,Jul,2023,,,5:07,,27,Jul,2020,22,7,,,,,,,,Saptamī,,7:49,,,,,,,
,,Aṣṭamī,,10:38,26,Jul,2023,,,5:07,,28,Jul,2020,23,8,,,,,,,,Aṣṭamī,,8:08,,,,,,,
,,Navamī,,10:26,27,Jul,2023,,,5:08,,29,Jul,2020,24,10,,,,,,,,Navamī,,7:56,,,,,,,
,,Daśamī,,9:46,28,Jul,2023,,,5:08,,30,Jul,2020,25,11,,,,,,,,Daśamī,,7:16,,,,,,,
,,Ekādaśī,9:46,8:38,29,Jul,2023,,,5:09,,31,Jul,2020,26,12,,,,,,,,Ekādaśī,7:16,6:08,,,,,,,21:30
,,Dvādaśī,8:38,7:06,30,Jul,2023,,,5:09,18:18,1,Aug,2020,27,13,N,,,,,,,Dvādaśī,6:08,4:36,,,,,,21:30,21:30
,,Trayodaśī,7:06,5:13,31,Jul,2023,,,5:10,,2,Aug,2020,28,14,,,,,,,,Trayodaśī,4:36,2:43,,,,,,,
,,Chaturdaśī,,3:05,1,Aug,2023,,,5:10,,3,Aug,2020,29,15,,,,,,,,Chaturdaśī,,0:35,,,,,,,
,,Pūrṇimā,3:05,0:46,2,Aug,2023,,,5:10,,,,,,,,,,,,,,Pūrṇimā,0:35,22:16,,,,,,,
,,,,,,,,,,,,,,,,,,,,,,,,,,,,,,,,,
,,,,,,,,,,,,,,,,,,,,,,,,,,,,,,,,,
,,,UTC:,?,,,,,,,,,,,,,,,,,,,,,UTC:,?,,,,,,,
Mās,Pak,Tithi,Start,End,Date,Mon,Year,A,K,Srise,Sset,Date,Mon,Year,VD,RT,Nakṣatra,Start,End,Date,Mon,Year,Day,Tithi,Start,End,Date,Mon,Year,Day,,,
Purushottam,K,Pratipad,,22:20,2,Aug,2023,,,5:11,,4,Aug,2020,1,1,,,,,,,,Pratipad,,19:50,,,,,,,
,,Dvitīya,,19:51,3,Aug,2023,,,5:11,,5,Aug,2020,2,2,,,,,,,,Dvitīya,,17:21,,,,,,,
,,Tṛtīya,,17:26,4,Aug,2023,,,5:12,,6,Aug,2020,3,3,,,,,,,,Tṛtīya,,14:56,,,,,,,
,,Chaturthī,,15:08,5,Aug,2023,,,5:12,,7,Aug,2020,4,4,,,,,,,,Chaturthī,,12:38,,,,,,,
,,Pañchamī,,13:02,6,Aug,2023,,,5:13,,8,Aug,2020,5,5,,,,,,,,Pañchamī,,10:32,,,,,,,
,,Śaṣṭhī,,11:12,7,Aug,2023,,,5:13,,9,Aug,2020,6,6,,,,,,,,Śaṣṭhī,,8:42,,,,,,,
,,Saptamī,,9:43,8,Aug,2023,,,5:13,,10,Aug,2020,7,7,,,,,,,,Saptamī,,7:13,,,,,,,
,,Aṣṭamī,,8:38,9,Aug,2023,,,5:14,,11,Aug,2020,8,7,,,,,,,,Aṣṭamī,,6:08,,,,,,,
,,Navamī,,8:01,10,Aug,2023,,,5:14,,12,Aug,2020,9,8,,,,,,,,Navamī,,5:31,,,,,,,
,,Daśamī,,7:55,11,Aug,2023,,,5:15,,13,Aug,2020,10,9,,,,,,,,Daśamī,,5:25,,,,,,,
,,Ekādaśī,7:55,8:19,12,Aug,2023,,,5:15,,14,Aug,2020,11,10,,,,,,,,Ekādaśī,5:25,5:49,,,,,,,
,,Dvādaśī,8:19,9:14,13,Aug,2023,,,5:15,18:09,15,Aug,2020,12,11,X,,,,,,,Dvādaśī,5:49,6:44,,,,,,,
,,Trayodaśī,9:14,10:35,14,Aug,2023,,,5:16,18:09,16,Aug,2020,13,12,,,,,,,,Trayodaśī,6:44,8:05,,,,,,,
,,Chaturdaśī,,12:18,15,Aug,2023,,,5:16,,17,Aug,2020,14,13,,,,,,,,Chaturdaśī,,9:48,,,,,,,
,,Amāvasyā,12:18,14:15,16,Aug,2023,,,5:16,,18,Aug,2020,15,14,,,,,,,,Amāvasyā,9:48,11:45,,,,,,,
Śrīdhar,G,Pratipad,,16:18,17,Aug,2023,,,5:17,,19,Aug,2020,16,15,,,,,,,,Pratipad,,13:48,,,,,,,
,,Dvitīya,,18:14,18,Aug,2023,,,5:17,,20,Aug,2020,17,1,,,,,,,,Dvitīya,,15:44,,,,,,,
,,Tṛtīya,,19:56,19,Aug,2023,,,5:18,,21,Aug,2020,18,3,,,,,,,,Tṛtīya,,17:26,,,,,,,
,,Chaturthī,,21:14,20,Aug,2023,,,5:18,,22,Aug,2020,19,4,,,,,,,,Chaturthī,,18:44,,,,,,,
,,Pañchamī,,22:07,21,Aug,2023,,,5:18,,23,Aug,2020,20,5,,,,,,,,Pañchamī,,19:37,,,,,,,
,,Śaṣṭhī,,22:29,22,Aug,2023,,,5:18,,24,Aug,2020,21,6,,,,,,,,Śaṣṭhī,,19:59,,,,,,,
,,Saptamī,,22:20,23,Aug,2023,,,5:19,,25,Aug,2020,22,7,,,,,,,,Saptamī,,19:50,,,,,,,
,,Aṣṭamī,,21:41,24,Aug,2023,,,5:19,,26,Aug,2020,23,8,,,,,,,,Aṣṭamī,,19:11,,,,,,,
,,Navamī,,20:35,25,Aug,2023,,,5:19,,27,Aug,2020,24,9,,,,,,,,Navamī,,18:05,,,,,,,
,,Daśamī,,19:05,26,Aug,2023,,,5:19,,28,Aug,2020,25,10,,,,,,,,Daśamī,,16:35,,,,,,,
,,Ekādaśī,19:05,17:15,27,Aug,2023,,,5:20,17:59,29,Aug,2020,26,11,Śravaṇā,1:13,23:38,,,,,Ekādaśī,16:35,14:45,,,,,,,21:08
,,Dvādaśī,17:15,15:09,28,Aug,2023,,,5:20,17:58,30,Aug,2020,27,12,,,,,,,,Dvādaśī,14:45,12:39,,,,,,21:08,21:30
,,Trayodaśī,15:09,12:52,29,Aug,2023,,,5:21,,31,Aug,2020,28,13,,,,,,,28,Trayodaśī,12:39,10:22,,,,,,,
,,Chaturdaśī,,10:27,30,Aug,2023,,,5:21,,1,Sep,2020,29,14,,,,,,,,Chaturdaśī,,7:57,,,,,,,
,,Pūrṇimā,10:27,7:59,31,Aug,2023,,,5:21,,2,Sep,2020,30,15,,,,,,,,Pūrṇimā,7:57,5:29,,,,,,,
,,,,,,,,,,,,,,,,,,,,,,,,,,,,,,,,,
,,,,,,,,,,,,,,,,,,,,,,,,,,,,,,,,,
,,,UTC:,?,,,,,,,,,,,,,,,,,,,,,UTC:,?,,,,,,,
Mās,Pak,Tithi,Start,End,Date,Mon,Year,,VD,Srise,Sset,Date,Mon,Year,VD,RT,Nakṣatra,Start,End,Date,Mon,Year,Day,Tithi,Start,End,Date,Mon,Year,Day,,,
Hṛṣīkeś,K,Pratipad,,5:35,1,Sep,2023,,,5:22,,3,Sep,2020,1,1,,,,,,,,Pratipad,,3:05,,,,,,,
,,Dvitīya,,3:17,2,Sep,2023,,,5:22,,4,Sep,2020,2,2,,,,,,,,Dvitīya,,0:47,,,,,,,
,,Tṛtīya,,1:11,3,Sep,2023,,,5:23,,5,Sep,2020,3,3,,,,,,,,Tṛtīya,,22:41,,,,,,,
,,Chaturthī,,23:22,3,Sep,2023,,,5:23,,6,Sep,2020,4,4,,,,,,,,Chaturthī,,20:52,,,,,,,
,,Pañchamī,,21:54,4,Sep,2023,,,5:23,,7,Sep,2020,5,5,,,,,,,,Pañchamī,,19:24,,,,,,,
,,Śaṣṭhī,,21:49,5,Sep,2023,,,5:23,,8,Sep,2020,6,6,,,,,,,,Śaṣṭhī,,19:19,,,,,,,
,,Saptamī,,20:12,6,Sep,2023,,,5:24,,9,Sep,2020,7,7,,,,,,,,Saptamī,,17:42,,,,,,,
,,Aṣṭamī,,20:05,7,Sep,2023,,,5:24,,10,Sep,2020,8,8,,,,,,,,Aṣṭamī,,17:35,,,,,,,
,,Navamī,,20:28,8,Sep,2023,,,5:24,,11,Sep,2020,9,9,,,,,,,,Navamī,,17:58,,,,,,,
,,Daśamī,,21:23,9,Sep,2023,,,5:25,,12,Sep,2020,10,10,,,,,,,,Daśamī,,18:53,,,,,,,
,,Ekādaśī,21:23,22:45,10,Sep,2023,,,5:25,,13,Sep,2020,11,11,,,,,,,,Ekādaśī,18:53,20:15,,,,,,,
,,Dvādaśī,22:45,0:29,12,Sep,2023,,,5:25,17:44,14,Sep,2020,12,12,X,,,,,,,Dvādaśī,20:15,21:59,,,,,,,
,,Trayodaśī,0:29,2:28,13,Sep,2023,,,5:25,,15,Sep,2020,13,13,,,,,,,,Trayodaśī,21:59,23:58,,,,,,,
,,Chaturdaśī,,4:52,14,Sep,2023,,,5:26,,16,Sep,2020,14,14,,,,,,,,Chaturdaśī,,2:22,,,,,,,
,,Amāvasyā,4:52,6:30,15,Sep,2023,A,,5:26,,17,Sep,2020,15,15,,,,,,,,Amāvasyā,2:22,4:00,,,,,,,
Hṛṣīkeś,G,Pratipad,,8:15,16,Sep,2023,,,5:27,,18,Sep,2020,16,1,,,,,,,,Pratipad,,5:45,,,,,,,
,,Dvitīya,,9:36,17,Sep,2023,,,5:27,,19,Sep,2020,17,2,,,,,,,,Dvitīya,,#REF!,,,,,,,
,,Tṛtīya,,10:32,18,Sep,2023,,,5:27,,20,Sep,2020,18,3,,,,,,,,Tṛtīya,,8:02,,,,,,,
,,Chaturthī,,10:56,19,Sep,2023,,,5:28,,21,Sep,2020,19,4,,,,,,,,Chaturthī,,8:26,,,,,,,
,,Pañchamī,,10:49,20,Sep,2023,,,5:28,,22,Sep,2020,20,6,,,,,,,,Pañchamī,,8:19,,,,,,,
,,Śaṣṭhī,,10:13,21,Sep,2023,,,5:28,,23,Sep,2020,21,7,,,,,,,,Śaṣṭhī,,7:43,,,,,,,
,,Saptamī,,9:10,22,Sep,2023,,,5:29,,24,Sep,2020,22,8,,,,,,,,Saptamī,,6:40,,,,,,,
,,Aṣṭamī,,7:30,23,Sep,2023,,,5:29,,25,Sep,2020,23,9,,,,,,,,Aṣṭamī,,5:00,,,,,,,
,,Navamī,,5:52,24,Sep,2023,,,5:29,,26,Sep,2020,24,10,,,,,,,,Navamī,,3:22,,,,,,,
,,Daśamī,,3:49,25,Sep,2023,,,5:29,,27,Sep,2020,25,11,,,,,,,,Daśamī,,1:19,,,,,,,
,,Ekādaśī,3:49,1:33,26,Sep,2023,,,5:30,17:29,28,Sep,2020,26,12,Śravaṇā,9:14,7:41,,,,,Ekādaśī,1:19,23:03,,,,,,,5:11
,,Dvādaśī,1:33,23:10,26,Sep,2023,,,5:30,,29,Sep,2020,27,13,,,,,,,,Dvādaśī,23:03,20:40,,,,,,5:11,21:30
,,Trayodaśī,23:10,20:44,27,Sep,2023,,,5:30,,30,Sep,2020,28,14,,,,,,,,Trayodaśī,20:40,18:14,,,,,,,
,,Chaturdaśī,,18:45,28,Sep,2023,,,5:31,,1,Oct,2020,29,15,,,,,,,,Chaturdaśī,,16:15,,,,,,,
,,Pūrṇimā,18:45,1:30,29,Sep,2023,,,5:31,,,,,,,,,,,,,,Pūrṇimā,16:15,23:00,,,,,,,
,,,,,,,,,,,,,,,,,,,,,,,,,,,,,,,,,
,,,,,,,,,,,,,,,,,,,,,,,,,,,,,,,,,
,,,UTC:,?,,,,,,,,,,,,,,,,,,,,,UTC:,?,,,,,,,
Mās,Pak,Tithi,Start,End,Date,Mon,Year,A,K,Srise,Sset,Date,Mon,Year,VD,RT,Nakṣatra,Start,End,Date,Mon,Year,Day,Tithi,Start,End,Date,Mon,Year,Day,,,
Padmanābha,K,Pratipad,,14:01,30,Sep,2023,,,5:31,,2,Oct,2020,1,1,,,,,,,,Pratipad,,11:31,,,,,,,
,,Dvitīya,,12:13,1,Oct,2023,,,5:32,,3,Oct,2020,2,2,,,,,,,,Dvitīya,,9:43,,,,,,,
,,Tṛtīya,,10:46,2,Oct,2023,,,5:32,,4,Oct,2020,3,3,,,,,,,,Tṛtīya,,8:16,,,,,,,
,,Chaturthī,,9:43,3,Oct,2023,,,5:32,,5,Oct,2020,4,3,,,,,,,,Chaturthī,,7:13,,,,,,,
,,Pañchamī,,9:47,4,Oct,2023,,,5:33,,6,Oct,2020,5,4,,,,,,,,Pañchamī,,7:17,,,,,,,
,,Śaṣṭhī,,9:02,5,Oct,2023,,,5:33,,7,Oct,2020,6,5,,,,,,,,Śaṣṭhī,,6:32,,,,,,,
,,Saptamī,,9:28,6,Oct,2023,,,5:33,,8,Oct,2020,7,6,,,,,,,,Saptamī,,6:58,,,,,,,
,,Aṣṭamī,,10:24,7,Oct,2023,,,5:34,,9,Oct,2020,8,7,,,,,,,,Aṣṭamī,,7:54,,,,,,,
,,Navamī,,11:47,8,Oct,2023,,,5:34,,10,Oct,2020,9,8,,,,,,,,Navamī,,9:17,,,,,,,
,,Daśamī,,13:33,9,Oct,2023,,,5:34,,11,Oct,2020,10,9,,,,,,,,Daśamī,,11:03,,,,,,,
,,Ekādaśī,13:33,15:34,10,Oct,2023,,,5:35,,12,Oct,2020,11,10,,,,,,,,Ekādaśī,11:03,13:04,,,,,,,
,,Dvādaśī,15:34,17:40,11,Oct,2023,,,5:35,17:14,13,Oct,2020,12,11,X,,,,,,,Dvādaśī,13:04,15:10,,,,,,,
,,Trayodaśī,17:40,19:41,12,Oct,2023,,,5:36,17:13,14,Oct,2020,13,12,,,,,,,,Trayodaśī,15:10,17:11,,,,,,,
,,Chaturdaśī,,21:27,13,Oct,2023,,,5:26,,15,Oct,2020,14,13,,,,,,,,Chaturdaśī,,18:57,,,,,,,
,,Amāvasyā,21:27,22:51,14,Oct,2023,,,5:36,,16,Oct,2020,15,15,,,,,,,,Amāvasyā,18:57,20:21,,,,,,,
Padmanābha,G,Pratipad,,23:49,15,Oct,2023,,,5:37,,17,Oct,2020,16,1,,,,,,,,Pratipad,,21:19,,,,,,,
,,Dvitīya,,0:15,17,Oct,2023,,,5:37,,18,Oct,2020,17,2,,,,,,,,Dvitīya,,21:45,,,,,,,
,,Tṛtīya,,0:10,18,Oct,2023,,,5:38,,19,Oct,2020,18,3,,,,,,,,Tṛtīya,,21:40,,,,,,,
,,Chaturthī,,23:36,18,Oct,2023,,,5:38,,20,Oct,2020,19,4,,,,,,,,Chaturthī,,21:06,,,,,,,
,,Pañchamī,,22:34,19,Oct,2023,,,5:39,,21,Oct,2020,20,5,,,,,,,,Pañchamī,,20:04,,,,,,,
,,Śaṣṭhī,,21:08,20,Oct,2023,,,5:39,,22,Oct,2020,21,6,,,,,,,,Śaṣṭhī,,18:38,,,,,,,
,,Saptamī,,19:21,21,Oct,2023,,,5:40,,23,Oct,2020,22,7,,,,,,,,Saptamī,,16:51,,,,,,,
,,Aṣṭamī,,17:18,22,Oct,2023,,,5:40,,24,Oct,2020,23,8,,,,,,,,Aṣṭamī,,14:48,,,,,,,
,,Navamī,,15:04,23,Oct,2023,,,5:41,,25,Oct,2020,24,9,,,,,,,,Navamī,,12:34,,,,,,,
,,Daśamī,,12:42,24,Oct,2023,,,5:41,,26,Oct,2020,25,10,,,,,,,,Daśamī,,10:12,,,,,,,
,,Ekādaśī,12:42,10:18,25,Oct,2023,,,5:42,,27,Oct,2020,26,11,,,,,,,,Ekādaśī,10:12,7:48,,,,,,,21:30
,,Dvādaśī,10:18,7:58,26,Oct,2023,,,5:42,17:01,28,Oct,2020,27,12,,,,,,,,Dvādaśī,7:48,5:28,,,,,,21:30,21:30
,,Trayodaśī,7:58,5:44,27,Oct,2023,,,5:43,,29,Oct,2020,28,13,,,,,,,,Trayodaśī,5:28,3:14,,,,,,,
,,Chaturdaśī,,3:42,28,Oct,2023,,,5:43,,30,Oct,2020,29,14,,,,,,,,Chaturdaśī,,1:12,,,,,,,
,,Pūrṇimā,3:42,1:56,29,Oct,2023,,,5:43,,31,Oct,2020,30,15,,,,,,,,Pūrṇimā,1:12,23:26,,,,,,,
,,,,,,,,,,,,,,,,,,,,,,,,,,,,,,,,,
,,,,,,,,,,,,,,,,,,,,,,,,,,,,,,,,,
,,,UTC:,?,,,,,,,,,,,,,,,,,,,,,UTC:,?,,,,,,,
Mās,Pak,Tithi,Start,End,Date,Mon,Year,A,K,Srise,Sset,Date,Mon,Year,VD,RT,Nakṣatra,Start,End,Date,Mon,Year,Day,Tithi,Start,End,Date,Mon,Year,Day,,,
Dāmodar,K,Pratipad,,0:32,30,Oct,2023,,,5:44,,1,Nov,2020,1,1,,,,,,,,Pratipad,,22:02,,,,,,,
,,Dvitīya,,23:32,30,Oct,2023,,,5:44,,2,Nov,2020,2,2,,,,,,,,Dvitīya,,21:02,,,,,,,
,,Tṛtīya,,22:59,31,Nov,2023,,,5:45,,3,Nov,2020,3,3,,,,,,,,Tṛtīya,,20:29,,,,,,,
,,Chaturthī,,22:57,1,Nov,2023,,,5:45,,4,Nov,2020,4,4,,,,,,,,Chaturthī,,20:27,,,,,,,
,,Pañchamī,,23:26,2,Nov,2023,,,5:46,,5,Nov,2020,5,5,,,,,,,,Pañchamī,,20:56,,,,,,,
,,Śaṣṭhī,,0:25,4,Nov,2023,,,5:46,,6,Nov,2020,6,6,,,,,,,,Śaṣṭhī,,21:55,,,,,,,
,,Saptamī,,1:51,5,Nov,2023,,,5:47,,7,Nov,2020,7,7,,,,,,,,Saptamī,,23:21,,,,,,,
,,Aṣṭamī,,3:39,6,Nov,2023,,,5:48,,8,Nov,2020,8,8,,,,,,,,Aṣṭamī,,1:09,,,,,,,
,,Navamī,,5:42,7,Nov,2023,,,5:48,,9,Nov,2020,9,9,,,,,,,,Navamī,,3:12,,,,,,,
,,Daśamī,,7:51,8,Nov,2023,A,,5:49,,10,Nov,2020,10,10,,,,,,,,Daśamī,,5:21,,,,,,,
,,Ekādaśī,7:51,9:54,9,Nov,2023,,,5:50,16:53,11,Nov,2020,11,11,,,,,,,,Ekādaśī,5:21,7:24,,,,,,,
,,Dvādaśī,9:54,11:42,10,Nov,2023,,,5:51,,12,Nov,2020,12,12,X,,,,,,,Dvādaśī,7:24,9:12,,,,,,,
,,Trayodaśī,11:42,13:07,11,Nov,2023,,,5:51,,13,Nov,2020,13,13,,,,,,,,Trayodaśī,9:12,10:37,,,,,,,
,,Chaturdaśī,,14:06,12,Nov,2023,,,5:52,,14,Nov,2020,14,14,,,,,,,,Chaturdaśī,,11:36,,,,,,,
,,Amāvasyā,14:06,14:33,13,Nov,2023,,,5:53,,15,Nov,2020,15,15,,,,,,,,Amāvasyā,11:36,12:03,,,,,,,
Dāmodar,G,Pratipad,,14:30,14,Nov,2023,,,5:53,,16,Nov,2020,16,1,,,,,,,,Pratipad,,12:00,,,,,,,
,,Dvitīya,,13:56,15,Nov,2023,,,5:54,,17,Nov,2020,17,2,,,,,,,,Dvitīya,,11:26,,,,,,,
,,Tṛtīya,,12:56,16,Nov,2023,,,5:55,,18,Nov,2020,18,4,,,,,,,,Tṛtīya,,10:26,,,,,,,
,,Chaturthī,,11:30,17,Nov,2023,,,5:56,,19,Nov,2020,19,5,,,,,,,,Chaturthī,,9:00,,,,,,,
,,Pañchamī,,9:45,18,Nov,2023,,,5:56,,20,Nov,2020,20,6,,,,,,,,Pañchamī,,7:15,,,,,,,
,,Śaṣṭhī,,7:43,19,Nov,2023,,,5:57,,21,Nov,2020,21,7,,,,,,,,Śaṣṭhī,,5:13,,,,,,,
,,Saptamī,,5:30,20,Nov,2023,,K,5:57,,22,Nov,2020,22,8,,,,,,,,Saptamī,,3:00,,,,,,,
,,Aṣṭamī,,3:10,21,Nov,2023,,,5:58,,23,Nov,2020,23,9,,,,,,,,Aṣṭamī,,0:40,,,,,,,
,,Navamī,,0:47,22,Nov,2023,,,5:59,,24,Nov,2020,24,10,,,,,,,,Navamī,,22:17,,,,,,,
,,Daśamī,,22:28,22,Nov,2023,,,6:00,,25,Nov,2020,25,11,,,,,,,,Daśamī,,19:58,,,,,,,
,,Ekādaśī,22:28,20:17,23,Nov,2023,,,6:00,,26,Nov,2020,26,11,N,,,,,,,Ekādaśī,19:58,17:47,,,,,,,21:30
,,Dvādaśī,20:17,18:18,24,Nov,2023,,,6:01,16:47,27,Nov,2020,27,12,,,,,,,,Dvādaśī,17:47,15:48,,,,,,21:30,21:30
,,Trayodaśī,18:18,16:35,25,Nov,2023,,,6:02,,28,Nov,2020,28,13,,,,,,,,Trayodaśī,15:48,14:05,,,,,,,
,,Chaturdaśī,,15:15,26,Nov,2023,,,6:02,,29,Nov,2020,29,14,,,,,,,,Chaturdaśī,,12:45,,,,,,,
,,Pūrṇimā,15:15,14:17,27,Nov,2023,,,6:03,,30,Nov,2020,30,15,,,,,,,,Pūrṇimā,12:45,11:47,,,,,,,
,,,,,,,,,,,,,,,,,,,,,,,,,,,,,,,,,
,,,,,,,,,,,,,,,,,,,,,,,,,,,,,,,,,
,,,UTC:,?,,,,,,,,,,,,,,,,,,,,,UTC:,?,,,,,,,
Mās,Pak,Tithi,Start,End,Date,Mon,Year,A,K,Srise,Sset,Date,Mon,Year,VD,RT,Nakṣatra,Start,End,Date,Mon,Year,Day,Tithi,Start,End,Date,Mon,Year,Day,,,
Keśava,K,Pratipad,,13:48,28,Nov,2023,,,6:03,,1,Dec,2020,1,1,,,,,,,,Pratipad,,11:18,,,,,,,
,,Dvitīya,,13:50,29,Nov,2023,,,6:04,,2,Dec,2020,2,2,,,,,,,,Dvitīya,,11:20,,,,,,,
,,Tṛtīya,,14:22,30,Nov,2023,,,6:05,,3,Dec,2020,3,3,,,,,,,,Tṛtīya,,11:52,,,,,,,
,,Chaturthī,,15:25,1,Dec,2023,,,6:05,,4,Dec,2020,4,4,,,,,,,,Chaturthī,,12:55,,,,,,,
,,Pañchamī,,16:55,2,Dec,2023,,,6:06,,5,Dec,2020,5,5,,,,,,,,Pañchamī,,14:25,,,,,,,
,,Śaṣṭhī,,18:46,3,Dec,2023,,,6:06,,6,Dec,2020,6,6,,,,,,,,Śaṣṭhī,,16:16,,,,,,,
,,Saptamī,,20:52,4,Dec,2023,,,6:07,,7,Dec,2020,7,7,,,,,,,,Saptamī,,18:22,,,,,,,
,,Aṣṭamī,,23:02,5,Dec,2023,,,6:08,,8,Dec,2020,8,8,,,,,,,,Aṣṭamī,,20:32,,,,,,,
,,Navamī,,1:05,7,Dec,2023,,,6:08,,9,Dec,2020,9,9,,,,,,,,Navamī,,22:35,,,,,,,
,,Daśamī,,2:53,8,Dec,2023,,,6:09,,10,Dec,2020,10,10,,,,,,,,Daśamī,,0:23,,,,,,,
,,Ekādaśī,2:53,4:18,9,Dec,2023,,,6:10,,11,Dec,2020,11,11,,,,,,,,Ekādaśī,0:23,1:48,,,,,,,
,,Dvādaśī,4:18,5:19,10,Dec,2023,,,6:10,,12,Dec,2020,12,13,X,,,,,,,Dvādaśī,1:48,2:49,,,,,,,
,,Trayodaśī,5:19,5:44,11,Dec,2023,,,6:11,16:49,13,Dec,2020,13,14,,,,,,,,Trayodaśī,2:49,3:14,,,,,,,
,,Chaturdaśī,,5:39,12,Dec,2023,,,6:12,,14,Dec,2020,14,15,Eclipse,,,,,,,Chaturdaśī,,3:09,,,,,,,
,,Amāvasyā,5:39,5:05,13,Dec,2023,,,6:12,,15,Dec,2020,15,1,,,,,,,,Amāvasyā,3:09,2:35,,,,,,,
Keśava,G,Pratipad,,4:04,14,Dec,2023,,,6:13,,16,Dec,2020,16,2,,,,,,,,Pratipad,,1:34,,,,,,,
,,Dvitīya,,2:38,15,Dec,2023,,,6:14,,17,Dec,2020,17,3,,,,,,,,Dvitīya,,0:08,,,,,,,
,,Tṛtīya,,0:53,16,Dec,2023,,,6:14,,18,Dec,2020,18,4,,,,,,,,Tṛtīya,,22:23,,,,,,,
,,Chaturthī,,22:52,16,Dec,2023,,,6:15,,19,Dec,2020,19,5,,,,,,,,Chaturthī,,20:22,,,,,,,
,,Pañchamī,,20:40,17,Dec,2023,,,6:16,,20,Dec,2020,20,6,,,,,,,,Pañchamī,,18:10,,,,,,,
,,Śaṣṭhī,,18:21,18,Dec,2023,,,6:17,,21,Dec,2020,21,7,,,,,,,,Śaṣṭhī,,15:51,,,,,,,
,,Saptamī,,15:59,19,Dec,2023,,,6:17,,22,Dec,2020,22,8,,,,,,,,Saptamī,,13:29,,,,,,,
,,Aṣṭamī,,13:41,20,Dec,2023,,,6:18,,23,Dec,2020,23,9,,,,,,,,Aṣṭamī,,11:11,,,,,,,
,,Navamī,,11:32,21,Dec,2023,,,6:19,,24,Dec,2020,24,10,,,,,,,,Navamī,,9:02,,,,,,,
,,Daśamī,,9:35,22,Dec,2023,,,6:20,,25,Dec,2020,25,11,,,,,,,,Daśamī,,7:05,,,,,,,
,,Ekādaśī,9:35,7:55,23,Dec,2023,,,6:20,16:53,26,Dec,2020,26,12,N,,,,,,,Ekādaśī,7:05,5:25,,,,,,,21:30
,,Dvādaśī,7:55,6:38,24,Dec,2023,,,6:21,,27,Dec,2020,27,13,,,,,,,,Dvādaśī,5:25,4:08,,,,,,21:30,21:30
,,Trayodaśī,6:38,5:43,25,Dec,2023,,K,6:21,,28,Dec,2020,28,14,,,,,,,,Trayodaśī,4:08,3:13,,,,,,,
,,Chaturdaśī,,5:17,26,Dec,2023,,,6:21,,29,Dec,2020,29,14,,,,,,,,Chaturdaśī,,2:47,,,,,,,
,,Pūrṇimā,5:17,5:22,27,Dec,2023,,,6:22,,30,Dec,2020,30,15,,,,,,,,Pūrṇimā,2:47,2:52,,,,,,,
,,,,,,,,,,,,,,,,,,,,,,,,,,,,,,,,,
,,,,,,,,,,,,,,,,,,,,,,,,,,,,,,,,,
,,,UTC:,?,,,,,,,,,,,,,,,,,,,,,UTC:,?,,,,,,,
Mās,Pak,Tithi,Start,End,Date,Mon,Year,A,K,Srise,Sset,Date,Mon,Year,VD,RT,Nakṣatra,Start,End,Date,Mon,Year,Day,Tithi,Start,End,Date,Mon,Year,Day,,,
Nārāyaṇ,K,Pratipad,,5:58,28,Dec,2023,,,6:22,,31,Dec,2020,1,1,,,,,,,,Pratipad,,3:28,,,,,,,
,,Dvitīya,,7:05,29,Dec,2023,A,,6:22,,1,Jan,2020,2,2,,,,,,,,Dvitīya,,4:35,,,,,,,
,,Tṛtīya,,8:38,30,Dec,2023,,,6:22,,2,Jan,2020,3,3,,,,,,,,Tṛtīya,,6:08,,,,,,,
,,Chaturthī,,10:31,31,Dec,2023,,,6:23,,3,Jan,2020,4,4,,,,,,,,Chaturthī,,8:01,,,,,,,
,,Pañchamī,,12:38,1,Jan,2024,,,6:23,,4,Jan,2020,5,5,,,,,,,,Pañchamī,,10:08,,,,,,,
,,Śaṣṭhī,,14:49,2,Jan,2024,,,6:23,,5,Jan,2020,6,7,,,,,,,,Śaṣṭhī,,12:19,,,,,,,
,,Saptamī,,16:52,3,Jan,2024,,,6:23,,6,Jan,2020,7,8,,,,,,,,Saptamī,,14:22,,,,,,,
,,Aṣṭamī,,18:38,4,Jan,2024,,,6:24,,7,Jan,2020,8,9,,,,,,,,Aṣṭamī,,16:08,,,,,,,
,,Navamī,,20:01,5,Jan,2024,,,6:24,,8,Jan,2020,9,10,,,,,,,,Navamī,,17:31,,,,,,,
,,Daśamī,,20:57,6,Jan,2024,,,6:24,,9,Jan,2020,10,11,,,,,,,,Daśamī,,18:27,,,,,,,
,,Ekādaśī,20:57,21:21,7,Jan,2024,,,6:24,17:03,10,Jan,2020,11,12,,,,,,,,Ekādaśī,18:27,18:51,,,,,,,
,,Dvādaśī,21:21,21:15,8,Jan,2024,,,6:24,,11,Jan,2020,12,13,X,,,,,,,Dvādaśī,18:51,18:45,,,,,,,
,,Trayodaśī,21:15,20:39,9,Jan,2024,,,6:25,,12,Jan,2020,13,14,,,,,,,,Trayodaśī,18:45,18:09,,,,,,,
,,Chaturdaśī,,19:35,10,Jan,2024,,,6:25,,13,Jan,2020,14,15,,,,,,,,Chaturdaśī,,17:05,,,,,,,
,,Amāvasyā,19:35,18:07,11,Jan,2024,,,6:25,,14,Jan,2020,15,1,,,,,,,,Amāvasyā,17:05,15:37,,,,,,,
Nārāyaṇ,G,Pratipad,,16:21,12,Jan,2024,,,6:25,,15,Jan,2020,16,2,,,,,,,,Pratipad,,13:51,,,,,,,
,,Dvitīya,,14:18,13,Jan,2024,,,6:25,,16,Jan,2020,17,3,,,,,,,,Dvitīya,,11:48,,,,,,,
,,Tṛtīya,,12:06,14,Jan,2024,,,6:26,,17,Jan,2020,18,4,,,,,,,,Tṛtīya,,9:36,,,,,,,
,,Chaturthī,,9:46,15,Jan,2024,,,6:26,,18,Jan,2020,19,5,,,,,,,,Chaturthī,,7:16,,,,,,,
,,Pañchamī,,7:25,16,Jan,2024,,,6:26,,19,Jan,2020,20,6,,,,,,,,Pañchamī,,4:55,,,,,,,
,,Śaṣṭhī,,5:08,17,Jan,2024,,,6:26,,20,Jan,2020,21,7,,,,,,,,Śaṣṭhī,,2:38,,,,,,,
,,Saptamī,,3:00,18,Jan,2024,,,6:26,,21,Jan,2020,22,8,,,,,,,,Saptamī,,0:30,,,,,,,
,,Aṣṭamī,,1:04,19,Jan,2024,,,6:26,,22,Jan,2020,23,9,,,,,,,,Aṣṭamī,,22:34,,,,,,,
,,Navamī,,23:25,19,Jan,2024,,,6:26,,23,Jan,2020,24,10,,,,,,,,Navamī,,20:55,,,,,,,
,,Daśamī,,22:09,20,Jan,2024,,,6:26,,24,Jan,2020,25,11,,,,,,,,Daśamī,,19:39,,,,,,,
,,Ekādaśī,22:09,21:16,21,Jan,2024,,,6:26,17:11,25,Jan,2020,26,12,Rohini,5:50,5:54,,,,,Ekādaśī,19:39,18:46,,,,,,,#REF!
,,Dvādaśī,21:16,20:53,22,Jan,2024,,,6:26,17:12,26,Jan,2020,27,13,,,,,,,,Dvādaśī,18:46,18:23,,,,,,#REF!,3:24
,,Trayodaśī,20:53,21:01,23,Jan,2024,,,6:26,,27,Jan,2020,28,14,,,,,,,,Trayodaśī,18:23,18:31,,,,,,,
,,Chaturdaśī,,21:39,24,Jan,2024,,,6:26,,28,Jan,2020,29,15,,,,,,,,Chaturdaśī,,19:09,,,,,,,
,,Pūrṇimā,21:39,22:47,25,Jan,2024,,,6:25,,,,,30,,,,,,,,,Pūrṇimā,19:09,20:17,,,,,,,
,,,,,,,,,,,,,,,,,,,,,,,,,,,,,,,,,
,,,,,,,,,,,,,,,,,,,,,,,,,,,,,,,,,
,,,UTC:,?,,,,,,,,,,,,,,,,,,,,,UTC:,?,,,,,,,
Mās,Pak,Tithi,Start,End,Date,Mon,Year,A,K,Srise,Sset,Date,Mon,Year,VD,RT,Nakṣatra,Start,End,Date,Mon,Year,Day,Tithi,Start,End,Date,Mon,Year,Day,,,
Mādhava,K,Pratipad,,0:21,27,Jan,2024,,,6:25,,29,Jan,2020,1,1,,,,,,,,Pratipad,,21:51,,,,,,,
,,Dvitīya,,2:16,28,Jan,2024,,,6:25,,30,Jan,2020,2,2,,,,,,,,Dvitīya,,23:46,,,,,,,
,,Tṛtīya,,4:23,29,Jan,2024,,,6:24,,31,Jan,2020,3,3,,,,,,,,Tṛtīya,,1:53,,,,,,,
,,Chaturthī,,6:32,30,Jan,2024,A,,6:24,,1,Feb,2020,4,4,,,,,,,,Chaturthī,,4:02,,,,,,,
,,Pañchamī,,8:32,31,Jan,2024,,,6:23,,2,Feb,2020,5,5,,,,,,,,Pañchamī,,6:02,,,,,,,
,,Śaṣṭhī,,10:17,1,Feb,2024,,,6:23,,3,Feb,2020,6,6,,,,,,,,Śaṣṭhī,,7:47,,,,,,,
,,Saptamī,,11:37,2,Feb,2024,,,6:22,,4,Feb,2020,7,7,,,,,,,,Saptamī,,9:07,,,,,,,
,,Aṣṭamī,,12:29,3,Feb,2024,,,6:22,,5,Feb,2020,8,8,,,,,,,,Aṣṭamī,,9:59,,,,,,,
,,Navamī,,12:50,4,Feb,2024,,,6:22,,6,Feb,2020,9,9,,,,,,,,Navamī,,10:20,,,,,,,
,,Daśamī,,12:39,5,Feb,2024,,,6:21,,7,Feb,2020,10,10,,,,,,,,Daśamī,,10:09,,,,,,,
,,Ekādaśī,12:39,12:00,6,Feb,2024,,,6:21,,8,Feb,2020,11,12,,,,,,,,Ekādaśī,10:09,9:30,,,,,,,
,,Dvādaśī,12:00,10:52,7,Feb,2024,,,6:20,17:23,9,Feb,2020,12,13,X,,,,,,,Dvādaśī,9:30,8:22,,,,,,,
,,Trayodaśī,10:52,9:22,8,Feb,2024,,,6:20,,10,Feb,2020,13,14,,,,,,,,Trayodaśī,8:22,6:52,,,,,,,
,,Chaturdaśī,,7:33,9,Feb,2024,,,6:19,,11,Feb,2020,14,15,,,,,,,,Chaturdaśī,,5:03,,,,,,,
,,Amāvasyā,7:33,5:29,10,Feb,2024,,K,6:19,,12,Feb,2020,15,1,,,,,,,,Amāvasyā,5:03,2:59,,,,,,,
Mādhava,G,Pratipad,,3:14,11,Feb,2024,,,6:19,,13,Feb,2020,16,2,,,,,,,,Pratipad,,0:44,,,,,,,
,,Dvitīya,,0:53,12,Feb,2024,,,6:16,,14,Feb,2020,17,3,,,,,,,,Dvitīya,,22:23,,,,,,,
,,Tṛtīya,,22:31,12,Feb,2024,,,6:18,,15,Feb,2020,18,4,,,,,,,,Tṛtīya,,20:01,,,,,,,
,,Chaturthī,,20:13,13,Feb,2024,,,6:17,,16,Feb,2020,19,5,,,,,,,,Chaturthī,,17:43,,,,,,,
,,Pañchamī,,18:05,14,Feb,2024,,,6:16,,17,Feb,2020,20,6,,,,,,,,Pañchamī,,15:35,,,,,,,
,,Śaṣṭhī,,16:09,15,Feb,2024,,,6:16,,18,Feb,2020,21,6,,,,,,,,Śaṣṭhī,,13:39,,,,,,,
,,Saptamī,,14:30,16,Feb,2024,,,6:15,,19,Feb,2020,22,7,,,,,,,,Saptamī,,12:00,,,,,,,
,,Aṣṭamī,,13:15,17,Feb,2024,,,6:15,,20,Feb,2020,23,8,,,,,,,,Aṣṭamī,,10:45,,,,,,,
,,Navamī,,12:24,18,Feb,2024,,,6:14,,21,Feb,2020,24,9,,,,,,,,Navamī,,9:54,,,,,,,
,,Daśamī,,12:01,19,Feb,2024,,,6:14,,22,Feb,2020,25,10,,,,,,,,Daśamī,,9:31,,,,,,,
,,Ekādaśī,12:01,12:09,20,Feb,2024,,,6:13,,23,Feb,2020,26,11,,,,,,,,Ekādaśī,9:31,9:39,,,,,,,21:30
,,Dvādaśī,12:09,12:48,21,Feb,2024,,,6:12,17:31,24,Feb,2020,27,12,Punarvasu,14:30,15:46,21,Feb,2020,,Dvādaśī,9:39,10:18,,,,,,21:30,13:16
,,Trayodaśī,12:48,13:57,22,Feb,2024,,,6:11,,25,Feb,2020,28,13,Pusya,15:46,17:30,22,Feb,2020,,Trayodaśī,10:18,11:27,,,,,,,
,,Chaturdaśī,,15:30,23,Feb,2024,,,6:11,,26,Feb,2020,29,14,,,,,,,,Chaturdaśī,,13:00,,,,,,,
,,Pūrṇimā,15:30,17:24,24,Feb,2024,,,6:10,,27,Feb,2020,30,15,,,,,,,,Pūrṇimā,13:00,14:54,,,,,,,
,,,,,,,,,,,,,,,,,,,,,,,,,,,,,,,,,
,,,,,,,,,,,,,,,,,,,,,,,,,,,,,,,,,
,,,UTC:,?,,,,,,,,,,,,,,,,,,,,,UTC:,?,,,,,,,
Mās,Pak,Tithi,Start,End,Date,Mon,Year,A,K,Srise,Sset,Date,Mon,Year,VD,RT,Nakṣatra,Start,End,Date,Mon,Year,Day,Tithi,Start,End,Date,Mon,Year,Day,,,
Govinda,K,Pratipad,,19:30,25,Feb,2024,,,6:09,,28,Feb,2020,1,1,,,,,,,,Pratipad,,17:00,,,,,,,
,,Dvitīya,,21:38,26,Feb,2024,,,6:08,,1,Mar,2020,2,2,,,,,,,,Dvitīya,,19:08,,,,,,,
,,Tṛtīya,,23:36,27,Feb,2024,,,6:07,,2,Mar,2020,3,3,,,,,,,,Tṛtīya,,21:06,,,,,,,
,,Chaturthī,,1:17,29,Feb,2024,,,6:06,,3,Mar,2020,4,4,,,,,,,,Chaturthī,,22:47,,,,,,,
,,Pañchamī,,2:34,1,Mar,2024,,,6:05,,4,Mar,2020,5,6,,,,,,,,Pañchamī,,0:04,,,,,,,
,,Śaṣṭhī,,3:23,2,Mar,2024,,,6:04,,5,Mar,2020,6,7,,,,,,,,Śaṣṭhī,,0:53,,,,,,,
,,Saptamī,,3:40,3,Mar,2024,,,6:03,,6,Mar,2020,7,8,,,,,,,,Saptamī,,1:10,,,,,,,
,,Aṣṭamī,,3:26,4,Mar,2024,,,6:02,,7,Mar,2020,8,9,,,,,,,,Aṣṭamī,,0:56,,,,,,,
,,Navamī,,2:43,5,Mar,2024,,,6:01,,8,Mar,2020,9,10,,,,,,,,Navamī,,0:13,,,,,,,
,,Daśamī,,1:33,6,Mar,2024,,,6:00,,9,Mar,2020,10,11,,,,,,,,Daśamī,,23:03,,,,,,,
,,Ekādaśī,1:33,23:59,6,Mar,2024,,,6:00,17:38,10,Mar,2020,11,12,,,,,,,,Ekādaśī,23:03,21:29,,,,,,,
,,Dvādaśī,23:59,22:07,7,Mar,2024,,,5:59,,11,Mar,2020,12,13,X,,,,,,,Dvādaśī,21:29,19:37,,,,,,,
,,Trayodaśī,22:07,20:00,8,Mar,2024,,,5:58,,12,Mar,2020,13,14,,,,,,,,Trayodaśī,19:37,17:30,,,,,,,
,,Chaturdaśī,,17:43,9,Mar,2024,,,5:57,,13,Mar,2020,14,15,,,,,,,,Chaturdaśī,,15:13,,,,,,,
,,Amāvasyā,17:43,15:20,10,Mar,2024,,,5:56,,14,Mar,2020,15,1,,,,,,,,Amāvasyā,15:13,12:50,,,,,,,
Govinda,G,Pratipad,,12:56,11,Mar,2024,,,5:55,,15,Mar,2020,16,2,,,,,,,,Pratipad,,10:26,,,,,,,
,,Dvitīya,,10:37,12,Mar,2024,,,5:54,,16,Mar,2020,17,3,,,,,,,,Dvitīya,,8:07,,,,,,,
,,Tṛtīya,,8:27,13,Mar,2024,,,5:54,,17,Mar,2020,18,4,,,,,,,,Tṛtīya,,5:57,,,,,,,
,,Chaturthī,,6:30,14,Mar,2024,,,5:53,,18,Mar,2020,19,5,,,,,,,,Chaturthī,,4:00,,,,,,,
,,Pañchamī,,4:52,15,Mar,2024,,,5:52,,19,Mar,2020,20,6,,,,,,,,Pañchamī,,2:22,,,,,,,
,,Śaṣṭhī,,3:35,16,Mar,2024,,,5:51,,20,Mar,2020,21,7,,,,,,,,Śaṣṭhī,,1:05,,,,,,,
,,Saptamī,,2:44,17,Mar,2024,,,5:50,,21,Mar,2020,22,8,,,,,,,,Saptamī,,0:14,,,,,,,
,,Aṣṭamī,,2:21,18,Mar,2024,,,5:49,,22,Mar,2020,23,9,,,,,,,,Aṣṭamī,,23:51,,,,,,,
,,Navamī,,2:29,19,Mar,2024,,,5:48,,23,Mar,2020,24,10,,,,,,,,Navamī,,23:59,,,,,,,
,,Daśamī,,3:07,20,Mar,2024,,,5:47,,24,Mar,2020,25,10,,,,,,,,Daśamī,,0:37,,,,,,,
,,Ekādaśī,3:07,4:15,21,Mar,2024,,,5:46,,25,Mar,2020,26,11,N,,,,,,,Ekādaśī,0:37,1:45,,,,,,,0:00
,,Dvādaśī,4:15,5:47,22,Mar,2024,A,,5:45,17:45,26,Mar,2020,27,13,,,,,,,,Dvādaśī,1:45,3:17,,,,,,0:00,0:00
,,Trayodaśī,5:47,7:37,23,Mar,2024,,,5:44,,27,Mar,2020,28,14,,,,,,,,Trayodaśī,3:17,5:07,,,,,,,
,,Chaturdaśī,,9:43,24,Mar,2024,,,5:43,,28,Mar,2020,29,15,,,,,,,,Chaturdaśī,,7:13,,,,,,,
,,Pūrṇimā,9:43,11:49,25,Mar,2024,,,5:42,,,,,,,,,,,,,,Pūrṇimā,7:13,9:19,,,,,,,
,,,,,,,,,,,,,,,,,,,,,,,,,,,,,,,,,
,,,,,,,,,,,,,,,,,,,,,,,,,,,,,,,,,
,,,UTC:,?,,,,,,,,,,,,,,,,,,,,,UTC:,?,,,,,,,
Mās,Pak,Tithi,Start,End,Date,Mon,Year,A,K,Srise,Sset,Date,Mon,Year,VD,RT,Nakṣatra,Start,End,Date,Mon,Year,Day,Tithi,Start,End,Date,Mon,Year,Day,,,
Viṣṇu,K,Pratipad,,13:44,26,Mar,2024,,,5:41,,29,Mar,2020,1,1,,,,,,,,Pratipad,,11:14,,,,,,,
,,Dvitīya,,15:22,27,Mar,2024,,,5:40,,30,Mar,2020,2,2,,,,,,,,Dvitīya,,12:52,,,,,,,
,,Tṛtīya,,16:36,28,Mar,2024,,,5:39,,31,Mar,2020,3,3,,,,,,,,Tṛtīya,,14:06,,,,,,,
,,Chaturthī,,17:22,29,Mar,2024,,,5:38,,1,Apr,2020,4,4,,,,,,,,Chaturthī,,14:52,,,,,,,
,,Pañchamī,,17:36,30,Mar,2024,,,5:37,,2,Apr,2020,5,5,,,,,,,,Pañchamī,,15:06,,,,,,,
,,Śaṣṭhī,,17:20,31,Mar,2024,,,5:36,,3,Apr,2020,6,6,,,,,,,,Śaṣṭhī,,14:50,,,,,,,
,,Saptamī,,16:34,1,Apr,2024,,,5:35,,4,Apr,2020,7,7,,,,,,,,Saptamī,,14:04,,,,,,,
,,Aṣṭamī,,15:22,2,Apr,2024,,,5:34,,5,Apr,2020,8,8,,,,,,,,Aṣṭamī,,12:52,,,,,,,
,,Navamī,,13:47,3,Apr,2024,,,5:33,,6,Apr,2020,9,9,,,,,,,,Navamī,,11:17,,,,,,,
,,Daśamī,,11:52,4,Apr,2024,,,5:32,,7,Apr,2020,10,11,,,,,,,,Daśamī,,9:22,,,,,,,
,,Ekādaśī,11:52,9:43,5,Apr,2024,,,5:31,17:50,8,Apr,2020,11,12,,,,,,,,Ekādaśī,9:22,7:13,,,,,,,
,,Dvādaśī,9:43,7:23,6,Apr,2024,,,5:30,,9,Apr,2020,12,13,X,,,,,,,Dvādaśī,7:13,4:53,,,,,,,
,,Trayodaśī,7:23,4:59,7,Apr,2024,K,,5:29,,10,Apr,2020,13,14,,,,,,,,Trayodaśī,4:53,2:29,,,,,,,
,,Chaturdaśī,,2:34,8,Apr,2024,,,5:28,,11,Apr,2020,14,14,,,,,,,,Chaturdaśī,,0:04,,,,,,,
,,Amāvasyā,2:34,0:13,9,Apr,2024,,,5:27,,12,Apr,2020,15,15,,,,,,,,Amāvasyā,0:04,21:43,,,,,,,
Viṣṇu,G,Pratipad,,22:01,9,Apr,2024,,,5:27,,13,Apr,2020,16,1,,,,,,,,Pratipad,,19:31,,,,,,,
,,Dvitīya,,20:02,10,Apr,2024,,,5:26,,14,Apr,2020,17,2,,,,,,,,Dvitīya,,17:32,,,,,,,
,,Tṛtīya,,,,Apr,2024,,,,,27,Mar,2020,18,3,,,,,,,,Tṛtīya,,0:00,,,,,,,
,,Chaturthī,,,,Apr,2024,,,,,28,Mar,2020,19,4,,,,,,,,Chaturthī,,0:00,,,,,,,
,,Pañchamī,,,,Apr,2024,,,,,29,Mar,2020,20,5,,,,,,,,Pañchamī,,0:00,,,,,,,
Start Beng,,Śaṣṭhī,,15:46,14,Apr,2024,,,5:22,,30,Mar,2020,21,6,,,,,,,,Śaṣṭhī,,15:46,,,,,,,
,,Saptamī,,15:52,15,Apr,2024,,,5:21,,31,Mar,2020,22,7,,,,,,,,Saptamī,,15:52,,,,,,,
,,Aṣṭamī,,16:28,16,Apr,2024,,,5:20,,1,Apr,2020,23,8,,,,,,,,Aṣṭamī,,16:28,,,,,,,
,,Navamī,,17:35,17,Apr,2024,,,5:19,,2,Apr,2020,24,9,,,,,,,,Navamī,,17:35,,,,,,,
,,Daśamī,,19:06,18,Apr,2024,,,5:18,,3,Apr,2020,25,10,,,,,,,,Daśamī,,19:06,,,,,,,
,,Ekādaśī,19:06,20:56,19,Apr,2024,,,5:17,,4,Apr,2020,26,11,,,,,,,,Ekādaśī,19:06,20:56,,,,,,,0:00
,,Dvādaśī,20:56,22:58,20,Apr,2024,,,5:17,17:56,5,Apr,2020,27,12,N,,,,,,,Dvādaśī,20:56,22:58,,,,,,0:00,0:00
,,Trayodaśī,22:58,1:02,22,Apr,2024,,,5:15,17:57,6,Apr,2020,28,13,,,,,,,,Trayodaśī,22:58,1:02,,,,,,,
,,Chaturdaśī,,2:56,23,Apr,2024,,,5:14,,7,Apr,2020,29,14,,,,,,,,Chaturdaśī,,2:56,,,,,,,
,,Pūrṇimā,2:56,4:32,24,Apr,2024,,,5:13,,8,Apr,2020,30,15,,,,,,,,Pūrṇimā,2:56,4:32,,,,,,,
,,,,,,,,,,,,,,,,,,,,,,,,,,,,,,,,,
,,,,,,,,,,,,,,,,,,,,,,,,,,,,,,,,,
,,,,,,,,,,,,,,,,,,,,,,,,,,,,,,,,,
Mās,Pak,Tithi,Start,End,Date,Mon,Year,A,K,Srise,Sset,Date,Mon,Year,VD,RT,Nakṣatra,Start,End,Date,Mon,Year,Day,Tithi,Start,End,Date,Mon,Year,Day,,,
Madhusūdan,K,Pratipad,,5:44,25,Apr,2024,A,,5:13,,,Apr,2020,1,1,,,,,,,,Pratipad,,#VALUE!,,,,,,,
,,Dvitīya,,6:28,26,Apr,2024,,,5:12,,,Apr,2020,2,2,,,,,,,,,,,,,,,,,
,,Tṛtīya,,6:40,27,Apr,2024,,,5:11,,,Apr,2020,3,4,,,,,,,,Tṛtīya,,#VALUE!,,,,,,,
,,Chaturthī,,6:22,28,Apr,2024,,,5:11,,,Apr,2020,4,5,,,,,,,,Chaturthī,,#VALUE!,,,,,,,
,,Pañchamī,,5:36,29,Apr,2024,,,5:10,,,Apr,2020,5,6,,,,,,,,Pañchamī,,#VALUE!,,,,,,,
,,Śaṣṭhī,,4:22,30,Apr,2024,,,5:09,,,Apr,2020,6,7,,,,,,,,Śaṣṭhī,,#VALUE!,,,,,,,
,,Saptamī,,2:45,1,May,2024,,,5:09,,,Apr,2020,7,8,,,,,,,,Saptamī,,#VALUE!,,,,,,,
,,Aṣṭamī,,0:49,2,May,2024,,,5:08,,,Apr,2020,8,9,,,,,,,,Aṣṭamī,,#VALUE!,,,,,,,
,,Navamī,,22:38,2,May,2024,,,5:08,,,Apr,2020,9,10,,,,,,,,Navamī,,#VALUE!,,,,,,,
,,Daśamī,,20:18,3,May,2024,,,5:07,,15,Apr,2023,10,11,,,,,,,,Daśamī,,#VALUE!,,,,,,,
,,Ekādaśī,20:18,17:51,4,May,2024,,,5:07,,16,Apr,2023,11,12,,,,,,,,Ekādaśī,#VALUE!,#VALUE!,,,,,,,
,,Dvādaśī,17:51,15:24,5,May,2024,,,5:06,18:02,17,Apr,2023,12,13,,,,,,,,Dvādaśī,#VALUE!,#VALUE!,,,,,,,
,,Trayodaśī,15:24,13:02,6,May,2024,,,5:05,,18,Apr,2023,13,14,,,,,,,,Trayodaśī,#VALUE!,#VALUE!,,,,,,,
,,Chaturdaśī,,10:48,7,May,2024,,,5:05,,19,Apr,2023,14,14,,,,,,,,Chaturdaśī,,#VALUE!,,,,,,,
,,Amāvasyā,10:48,8:48,8,May,2024,,,5:04,,20,Apr,2023,15,15,,,,,,,,Amāvasyā,#VALUE!,#VALUE!,,,,,,,
Madhusūdan,G,Pratipad,,7:05,9,May,2024,,,5:04,,21,Apr,2023,16,1,,,,,,,,Pratipad,,#VALUE!,,,,,,,
,,Dvitīya,,5:45,10,May,2024,,,5:03,,22,Apr,2023,17,2,,,,,,,,Dvitīya,,#VALUE!,,,,,,,
,,Tṛtīya,,4:51,11,May,2024,,,5:03,,23,Apr,2023,18,3,,,,,,,,Tṛtīya,,#VALUE!,,,,,,,
,,Chaturthī,,4:24,12,May,2024,,,5:02,,24,Apr,2023,19,4,,,,,,,,Chaturthī,,#VALUE!,,,,,,,
,,Pañchamī,,4:28,13,May,2024,,,5:01,,25,Apr,2023,20,5,,,,,,,,Pañchamī,,#VALUE!,,,,,,,
,,Śaṣṭhī,,5:02,14,May,2024,A,,5:01,,26,Apr,2023,21,6,,,,,,,,Śaṣṭhī,,#VALUE!,,,,,,,
,,Saptamī,,6:06,15,May,2024,,,5:00,,27,Apr,2023,22,7,,,,,,,,Saptamī,,#VALUE!,,,,,,,
,,Aṣṭamī,,7:34,16,May,2024,,,5:00,,28,Apr,2023,23,8,,,,,,,,Aṣṭamī,,#VALUE!,,,,,,,
,,Navamī,,9:22,17,May,2024,,,4:59,,29,Apr,2023,24,9,,,,,,,,Navamī,,#VALUE!,,,,,,,
,,Daśamī,,11:23,18,May,2024,,,4:59,,30,Apr,2023,25,11,,,,,,,,Daśamī,,#VALUE!,,,,,,,
,,Ekādaśī,11:23,13:24,19,May,2024,,,4:58,,1,May,2023,26,12,,,,,,,,Ekādaśī,#VALUE!,#VALUE!,,,,,,,#VALUE!
,,Dvādaśī,13:24,15:17,20,May,2024,,,4:58,18:10,2,May,2023,27,13,,,,,,,,Dvādaśī,#VALUE!,#VALUE!,,,,,,#VALUE!,#VALUE!
,,Trayodaśī,15:17,16:52,21,May,2024,,,4:57,,3,May,2023,28,14,,,,,,,,Trayodaśī,#VALUE!,#VALUE!,,,,,,,
,,Chaturdaśī,,18:04,22,May,2024,,,4:57,,4,May,2023,29,15,,,,,,,,Chaturdaśī,,#VALUE!,,,,,,,
,,Pūrṇimā,18:04,18:48,23,May,2024,,,4:57,,5,May,2023,,,,,,,,,,Pūrṇimā,#VALUE!,#VALUE!,,,,,,,
,,,,,,,,,,,,,,,,,,,,,,,,,,,,,,,,,
,,,,,,,,,,,,,,,,,,,,,,,,,,,,,,,,,
Mās,Pak,Tithi,Start,End,Date,Mon,Year,A,K,Srise,Sset,Date,Mon,Year,VD,RT,Nakṣatra,Start,End,Date,Mon,Year,Day,Tithi,Start,End,Date,Mon,Year,Day,,,
Trivikram,K,Pratipad,,19:00,24,May,2024,,,4:57,,6,May,2020,1,1,,,,,,,,Pratipad,,#VALUE!,,,,,,,
,,Dvitīya,,18:42,25,May,2024,,,4:57,,7,May,2020,2,2,,,,,,,,Dvitīya,,#VALUE!,,,,,,,
,,Tṛtīya,,17:55,26,May,2024,,,4:56,,8,May,2020,3,3,,,,,,,,Tṛtīya,,#VALUE!,,,,,,,
,,Chaturthī,,16:42,27,May,2024,,,4:56,,9,May,2020,4,4,,,,,,,,Chaturthī,,#VALUE!,,,,,,,
,,Pañchamī,,15:05,28,May,2024,,,4:56,,10,May,2020,5,5,,,,,,,,Pañchamī,,#VALUE!,,,,,,,
,,Śaṣṭhī,,13:09,29,May,2024,,,4:56,,11,May,2020,6,6,,,,,,,,Śaṣṭhī,,#VALUE!,,,,,,,
,,Saptamī,,10:58,30,May,2024,,,4:56,,12,May,2020,7,7,,,,,,,,Saptamī,,#VALUE!,,,,,,,
,,Aṣṭamī,,9:01,31,May,2024,,,4:56,,13,May,2020,8,8,,,,,,,,Aṣṭamī,,#VALUE!,,,,,,,
,,Navamī,,6:09,1,Jun,2024,,,4:56,,14,May,2020,9,9,,,,,,,,Navamī,,#VALUE!,,,,,,,
,,Daśamī,,3:41,2,Jun,2024,,,4:56,,15,May,2020,10,10,,,,,,,,Daśamī,,#VALUE!,,,,,,,
,,Ekādaśī,3:41,1:17,3,Jun,2024,,,4:56,,16,May,2020,11,11,,,,,,,,Ekādaśī,#VALUE!,#VALUE!,,,,,,,
,,Dvādaśī,1:17,23:02,3,Jun,2024,,,4:56,18:15,17,May,2020,12,12,X,,,,,,,Dvādaśī,#VALUE!,#VALUE!,,,,,,,
,,Trayodaśī,23:02,21:00,4,Jun,2024,,,4:56,18:16,18,May,2020,13,13,,,,,,,,Trayodaśī,#VALUE!,#VALUE!,,,,,,,
,,Chaturdaśī,,19:15,5,Jun,2024,,,4:56,,19,May,2020,14,14,,,,,,,,Chaturdaśī,,#VALUE!,,,,,,,
,,Amāvasyā,19:15,17:53,6,Jun,2024,,,4:56,,22,May,2020,15,15,,,,,,,,Amāvasyā,#VALUE!,#VALUE!,,,,,,,
Trivikram,G,Pratipad,,16:55,7,Jun,2024,,,4:56,,23,May,2020,16,1,,,,,,,,Pratipad,,#VALUE!,,,,,,,
,,Dvitīya,,16:25,8,Jun,2024,,,4:56,,24,May,2020,17,2,,,,,,,,Dvitīya,,#VALUE!,,,,,,,
,,Tṛtīya,,16:27,9,Jun,2024,,,4:56,,25,May,2020,18,3,,,,,,,,Tṛtīya,,#VALUE!,,,,,,,
,,Chaturthī,,16:58,10,Jun,2024,,,4:56,,26,May,2020,19,4,,,,,,,,Chaturthī,,#VALUE!,,,,,,,
,,Pañchamī,,18:00,11,Jun,2024,,,4:56,,27,May,2020,20,5,,,,,,,,Pañchamī,,#VALUE!,,,,,,,
,,Śaṣṭhī,,19:26,12,Jun,2024,,,4:56,,28,May,2020,21,6,,,,,,,,Śaṣṭhī,,#VALUE!,,,,,,,
,,Saptamī,,21:13,13,Jun,2024,,,4:56,,29,May,2020,22,7,,,,,,,,Saptamī,,#VALUE!,,,,,,,
,,Aṣṭamī,,23:11,14,Jun,2024,,,4:56,,30,May,2020,23,8,,,,,,,,Aṣṭamī,,#VALUE!,,,,,,,
,,Navamī,,1:12,16,Jun,2024,,,4:55,,31,May,2020,24,9,,,,,,,,Navamī,,#VALUE!,,,,,,,
,,Daśamī,,3:05,17,Jun,2024,,,4:55,,1,Jun,2020,25,10,,,,,,,,Daśamī,,#VALUE!,,,,,,,
,,Ekādaśī,3:05,4:40,18,Jun,2024,,,4:55,,2,Jun,2020,26,11,,,,,,,,Ekādaśī,#VALUE!,#VALUE!,,,,,,,0:00
,,Dvādaśī,4:40,5:52,19,Jun,2024,A,,4:55,18:22,3,Jun,2020,27,12,N,,,,,,,Dvādaśī,#VALUE!,#VALUE!,,,,,,0:00,0:00
,,Trayodaśī,5:52,6:37,20,Jun,2024,,,4:55,18:22,4,Jun,2020,28,13,,,,,,,,Trayodaśī,#VALUE!,#VALUE!,,,,,,,
,,Chaturdaśī,,6:50,21,Jun,2024,,,4:55,18:23,5,Jun,2020,29,15,,,,,,,,Chaturdaśī,,#VALUE!,,,,,,,
,,Pūrṇimā,6:50,6:33,22,Jun,2024,,,4:55,,,,,,,,,,,,,,Pūrṇimā,#VALUE!,#VALUE!,,,,,,,
,,,,,,,,,,,,,,,,,,,,,,,,,,,,,,,,,
,,,,,,,,,,,,,,,,,,,,,,,,,,,,,,,,,
Mās,Pak,Tithi,Start,End,Date,Mon,Year,A,K,Srise,Sset,Date,Mon,Year,VD,RT,Nakṣatra,Start,End,Date,Mon,Year,Day,Tithi,Start,End,Date,Mon,Year,Day,,,
Vāman,K,Pratipad,,5:46,23,Jun,2024,,,4:55,,6,Jun,2020,1,1,,,,,,,,Pratipad,,#VALUE!,,,,,,,
,,Dvitīya,,4:33,24,Jun,2024,,K,4:56,,7,Jun,2020,2,2,,,,,,,,Dvitīya,,#VALUE!,,,,,,,
,,Tṛtīya,,2:57,25,Jun,2024,,,4:56,,8,Jun,2020,3,3,,,,,,,,Tṛtīya,,#VALUE!,,,,,,,
,,Chaturthī,,1:02,26,Jun,2024,,,4:57,,9,Jun,2020,4,4,,,,,,,,Chaturthī,,#VALUE!,,,,,,,
,,Pañchamī,,22:52,26,Jun,2024,,,4:57,,10,Jun,2020,5,5,,,,,,,,Pañchamī,,#VALUE!,,,,,,,
,,Śaṣṭhī,,20:31,27,Jun,2024,,,4:57,,11,Jun,2020,6,6,,,,,,,,Śaṣṭhī,,#VALUE!,,,,,,,
,,Saptamī,,18:04,28,Jun,2024,,,4:58,,12,Jun,2020,7,7,,,,,,,,Saptamī,,#VALUE!,,,,,,,
,,Aṣṭamī,,15:35,29,Jun,2024,,,4:58,,13,Jun,2020,8,8,,,,,,,,Aṣṭamī,,#VALUE!,,,,,,,
,,Navamī,,13:10,30,Jun,2024,,,4:59,,14,Jun,2020,9,9,,,,,,,,Navamī,,#VALUE!,,,,,,,
,,Daśamī,,10:34,1,Jul,2024,,,4:59,,15,Jun,2020,10,10,,,,,,,,Daśamī,,#VALUE!,,,,,,,
,,Ekādaśī,10:34,8:50,2,Jul,2024,,,4:59,,16,Jun,2020,11,10,,,,,,,,Ekādaśī,#VALUE!,#VALUE!,,,,,,,
,,Dvādaśī,8:50,7:03,3,Jul,2024,,,5:00,18:23,17,Jun,2020,12,11,,,,,,,,Dvādaśī,#VALUE!,#VALUE!,,,,,,,
,,Trayodaśī,7:03,5:38,4,Jul,2024,,,5:00,18:23,18,Jun,2020,13,12,,,,,,,,Trayodaśī,#VALUE!,#VALUE!,,,,,,,
,,Chaturdaśī,,4:38,5,Jul,2024,,K,5:01,,19,Jun,2020,14,13,,,,,,,,Chaturdaśī,,#VALUE!,,,,,,,
,,Amāvasyā,4:38,4:06,6,Jul,2024,,,5:01,,20,Jun,2020,15,14,,,,,,,,Amāvasyā,#VALUE!,#VALUE!,,,,,,,
Vāman,G,Pratipad,,4:04,7,Jul,2024,,,5:01,,21,Jun,2020,16,15,,,,,,,,Pratipad,,#VALUE!,,,,,,,
,,Dvitīya,,4:33,8,Jul,2024,,,5:02,,22,Jun,2020,17,1,,,,,,,,Dvitīya,,#VALUE!,,,,,,,
,,Tṛtīya,,5:32,9,Jul,2024,A,,5:02,,23,Jun,2020,18,2,,,,,,,,Tṛtīya,,#VALUE!,,,,,,,
,,Chaturthī,,6:57,10,Jul,2024,,,5:02,,24,Jun,2020,19,3,,,,,,,,Chaturthī,,#VALUE!,,,,,,,
,,Pañchamī,,8:42,11,Jul,2024,,,5:03,,25,Jun,2020,20,4,,,,,,,,Pañchamī,,#VALUE!,,,,,,,
,,Śaṣṭhī,,10:39,12,Jul,2024,,,5:03,,26,Jun,2020,21,5,,,,,,,,Śaṣṭhī,,#VALUE!,,,,,,,
,,Saptamī,,12:41,13,Jul,2024,,,5:03,,27,Jun,2020,22,7,,,,,,,,Saptamī,,#VALUE!,,,,,,,
,,Aṣṭamī,,14:34,14,Jul,2024,,,5:04,,28,Jun,2020,23,8,,,,,,,,Aṣṭamī,,#VALUE!,,,,,,,
,,Navamī,,16:11,15,Jul,2024,,,5:04,,29,Jun,2020,24,9,,,,,,,,Navamī,,#VALUE!,,,,,,,
,,Daśamī,,17:25,16,Jul,2024,,,5:04,,30,Jun,2020,25,10,,,,,,,,Daśamī,,#VALUE!,,,,,,,
,,Ekādaśī,17:25,18:12,17,Jul,2024,,,5:05,,1,Jul,2020,26,11,,,,,,,,Ekādaśī,#VALUE!,#VALUE!,,,,,,,#VALUE!
,,Dvādaśī,18:12,18:27,18,Jul,2024,,,5:05,18:22,2,Jul,2020,27,12,,,,,,,,Dvādaśī,#VALUE!,#VALUE!,,,,,,#VALUE!,#VALUE!
,,Trayodaśī,18:27,18:12,19,Jul,2024,,,5:05,,3,Jul,2020,28,13,,,,,,,,Trayodaśī,#VALUE!,#VALUE!,,,,,,,
,,Chaturdaśī,,18:40,20,Jul,2024,,,5:06,,4,Jul,2020,29,14,,,,,,,,Chaturdaśī,,#VALUE!,,,,,,,
,,Pūrṇimā,18:40,16:16,21,Jul,2024,,,5:06,,5,Jul,2020,30,15,,,,,,,,Pūrṇimā,#VALUE!,#VALUE!,,,,,,,
,,,,,,,,,,,,,,,,,,,,,,,,,,,,,,,,,
,,,,,,,,,,,,,,,,,,,,,,,,,,,,,,,,,
Mās,Pak,Tithi,Start,End,Date,Mon,Year,A,K,Srise,Sset,Date,Mon,Year,VD,RT,Nakṣatra,Start,End,Date,Mon,Year,Day,Tithi,Start,End,Date,Mon,Year,Day,,,
Śrīdhar,K,Pratipad,,14:41,22,Jul,2024,,,5:06,,6,Jul,2020,1,1,,,,,,,,Pratipad,,14:41,,,,,,,
,,Dvitīya,,12:47,23,Jul,2024,,,5:07,,7,Jul,2020,2,2,,,,,,,,Dvitīya,,12:47,,,,,,,
,,Tṛtīya,,10:37,24,Jul,2024,,,5:07,,8,Jul,2020,3,3,,,,,,,,Tṛtīya,,5:07,,,,,,,
,,Chaturthī,,8:17,25,Jul,2024,,,5:07,,9,Jul,2020,4,4,,,,,,,,Chaturthī,,8:17,,,,,,,
,,Pañchamī,,5:50,26,Jul,2024,,K,5:08,,10,Jul,2020,5,5,,,,,,,,Pañchamī,,5:50,,,,,,,
,,Śaṣṭhī,,3:21,27,Jul,2024,,,5:08,,11,Jul,2020,6,6,,,,,,,,Śaṣṭhī,,3:21,,,,,,,
,,Saptamī,,0:56,28,Jul,2024,,,5:08,,12,Jul,2020,7,7,,,,,,,,Saptamī,,0:56,,,,,,,
,,Aṣṭamī,,22:39,28,Jul,2024,,,5:09,,13,Jul,2020,8,8,,,,,,,,Aṣṭamī,,22:39,,,,,,,
,,Navamī,,20:35,29,Jul,2024,,,5:09,,14,Jul,2020,9,9,,,,,,,,Navamī,,20:35,,,,,,,
,,Daśamī,,18:47,30,Jul,2024,,,5:10,,15,Jul,2020,10,10,,,,,,,,Daśamī,,18:47,,,,,,,
,,Ekādaśī,18:47,17:22,31,Jul,2024,,,5:10,,16,Jul,2020,11,11,,,,,,,,Ekādaśī,18:47,17:22,,,,,,,
,,Dvādaśī,17:22,16:19,1,Aug,2024,,,5:11,18:17,17,Jul,2020,12,12,,,,,,,,Dvādaśī,17:22,16:19,,,,,,,
,,Trayodaśī,16:19,15:46,2,Aug,2024,,,5:11,,18,Jul,2020,13,13,,,,,,,,Trayodaśī,16:19,15:46,,,,,,,
,,Chaturdaśī,,15:42,3,Aug,2024,,,5:12,,19,Jul,2020,14,14,,,,,,,,Chaturdaśī,,15:42,,,,,,,
,,Amāvasyā,15:42,16:09,4,Aug,2024,,,5:12,,20,Jul,2020,15,15,,,,,,,,Amāvasyā,15:42,16:09,,,,,,,
Śrīdhar,G,Pratipad,,17:07,5,Aug,2024,,,5:12,,19,Aug,2020,16,15,,,,,,,,Pratipad,,17:07,,,,,,,
,,Dvitīya,,18:30,6,Aug,2024,,,5:13,,20,Aug,2020,17,1,,,,,,,,Dvitīya,,18:30,,,,,,,
,,Tṛtīya,,20:14,7,Aug,2024,,,5:13,,21,Aug,2020,18,3,,,,,,,,Tṛtīya,,20:14,,,,,,,
,,Chaturthī,,22:12,8,Aug,2024,,,5:14,,22,Aug,2020,19,4,,,,,,,,Chaturthī,,22:12,,,,,,,
,,Pañchamī,,0:14,10,Aug,2024,,,5:14,,23,Aug,2020,20,5,,,,,,,,Pañchamī,,0:14,,,,,,,
,,Śaṣṭhī,,2:09,11,Aug,2024,,,5:15,,24,Aug,2020,21,6,,,,,,,,Śaṣṭhī,,2:09,,,,,,,
,,Saptamī,,3:49,12,Aug,2024,,,5:15,,25,Aug,2020,22,7,,,,,,,,Saptamī,,3:49,,,,,,,
,,Aṣṭamī,,5:05,13,Aug,2024,,,5:16,,26,Aug,2020,23,8,,,,,,,,Aṣṭamī,,5:05,,,,,,,
,,Navamī,,5:55,14,Aug,2024,A,,5:16,,27,Aug,2020,24,9,,,,,,,,Navamī,,5:55,,,,,,,
,,Daśamī,,6:13,15,Aug,2024,,,5:16,,28,Aug,2020,25,10,,,,,,,,Daśamī,,6:13,,,,,,,
,,Ekādaśī,6:13,6:05,16,Aug,2024,,,5:16,18:07,29,Aug,2020,26,11,,,,,,,,Ekādaśī,6:13,6:05,,,,,,,0:00
,,Dvādaśī,6:05,5:19,17,Aug,2024,,,5:17,18:06,30,Aug,2020,27,12,,,,,,,,Dvādaśī,6:05,5:19,,,,,,0:00,0:00
,,Trayodaśī,5:19,4:10,18,Aug,2024,,,5:17,,31,Aug,2020,28,13,,,,,,,28,Trayodaśī,5:19,4:10,,,,,,,
,,Chaturdaśī,,2:37,19,Aug,2024,,,5:17,,1,Sep,2020,29,14,,,,,,,,Chaturdaśī,,2:37,,,,,,,
,,Pūrṇimā,2:37,0:44,20,Aug,2024,,,5:18,,2,Sep,2020,30,15,,,,,,,,Pūrṇimā,2:37,0:44,,,,,,,
,,,,,,,,,,,,,,,,,,,,,,,,,,,,,,,,,
,,,,,,,,,,,,,,,,,,,,,,,,,,,,,,,,,
Mās,Pak,Tithi,Start,End,Date,Mon,Year,,VD,Srise,Sset,Date,Mon,Year,VD,RT,Nakṣatra,Start,End,Date,Mon,Year,Day,Tithi,Start,End,Date,Mon,Year,Day,,,
Hṛṣīkeś,K,Pratipad,,22:36,20,Aug,2024,,,5:18,,3,Sep,2020,1,1,,,,,,,,Pratipad,,22:36,,,,,,,
,,Dvitīya,,20:16,21,Aug,2024,,,5:18,,4,Sep,2020,2,2,,,,,,,,Dvitīya,,20:16,,,,,,,
,,Tṛtīya,,17:50,22,Aug,2024,,,5:18,,5,Sep,2020,3,3,,,,,,,,Tṛtīya,,17:50,,,,,,,
,,Chaturthī,,15:22,23,Aug,2024,,,5:18,,6,Sep,2020,4,4,,,,,,,,Chaturthī,,15:22,,,,,,,
,,Pañchamī,,12:57,24,Aug,2024,,,5:19,,7,Sep,2020,5,5,,,,,,,,Pañchamī,,12:57,,,,,,,
,,Śaṣṭhī,,10:41,25,Aug,2024,,,5:19,,8,Sep,2020,6,6,,,,,,,,Śaṣṭhī,,10:41,,,,,,,
,,Saptamī,,8:37,26,Aug,2024,,,5:19,,9,Sep,2020,7,7,,,,,,,,Saptamī,,8:37,,,,,,,
,,Aṣṭamī,,6:49,27,Aug,2024,,,5:20,,10,Sep,2020,8,8,,,,,,,,Aṣṭamī,,6:49,,,,,,,
,,Navamī,,5:23,28,Aug,2024,,,5:20,,11,Sep,2020,9,9,,,,,,,,Navamī,,5:23,,,,,,,
,,Daśamī,,4:20,29,Aug,2024,,,5:21,,12,Sep,2020,10,10,,,,,,,,Daśamī,,4:20,,,,,,,
,,Ekādaśī,4:20,3:46,30,Aug,2024,,,5:21,17:56,13,Sep,2020,11,11,,,,,,,,Ekādaśī,4:20,3:46,,,,,,,
,,Dvādaśī,3:46,3:43,31,Aug,2024,,,5:21,17:55,14,Sep,2020,12,12,X,,,,,,,Dvādaśī,3:46,3:43,,,,,,,
,,Trayodaśī,3:43,4:10,1,Sep,2024,,,5:22,,15,Sep,2020,13,13,,,,,,,,Trayodaśī,3:43,4:10,,,,,,,
,,Chaturdaśī,,5:07,2,Sep,2024,,,5:22,,16,Sep,2020,14,14,,,,,,,,Chaturdaśī,,5:07,,,,,,,
,,Amāvasyā,5:07,6:31,3,Sep,2024,A,,5:22,,17,Sep,2020,15,15,,,,,,,,Amāvasyā,5:07,6:31,,,,,,,
Hṛṣīkeś,G,Pratipad,,8:16,4,Sep,2024,,,5:23,,18,Sep,2020,16,1,,,,,,,,Pratipad,,8:16,,,,,,,
,,Dvitīya,,10:14,5,Sep,2024,,,5:23,,19,Sep,2020,17,2,,,,,,,,Dvitīya,,#REF!,,,,,,,
,,Tṛtīya,,12:18,6,Sep,2024,,,5:23,,20,Sep,2020,18,3,,,,,,,,Tṛtīya,,12:18,,,,,,,
,,Chaturthī,,14:14,7,Sep,2024,,,5:24,,21,Sep,2020,19,4,,,,,,,,Chaturthī,,14:14,,,,,,,
,,Pañchamī,,15:55,8,Sep,2024,,,5:24,,22,Sep,2020,20,6,,,,,,,,Pañchamī,,15:55,,,,,,,
,,Śaṣṭhī,,17:14,9,Sep,2024,,,5:24,,23,Sep,2020,21,7,,,,,,,,Śaṣṭhī,,17:14,,,,,,,
,,Saptamī,,18:27,10,Sep,2024,,,5:25,,24,Sep,2020,22,8,,,,,,,,Saptamī,,18:27,,,,,,,
,,Aṣṭamī,,18:28,11,Sep,2024,,,5:25,,25,Sep,2020,23,9,,,,,,,,Aṣṭamī,,18:28,,,,,,,
,,Navamī,,18:18,12,Sep,2024,,,5:25,,26,Sep,2020,24,10,,,,,,,,Navamī,,18:18,,,,,,,
,,Daśamī,,17:39,13,Sep,2024,,,5:26,,27,Sep,2020,25,11,,,,,,,,Daśamī,,17:39,,,,,,,
,,Ekādaśī,17:39,16:33,14,Sep,2024,,,5:26,17:41,28,Sep,2020,26,12,Śravaṇā,9:14,7:41,,,,,Ekādaśī,17:39,16:33,,,,,,,7:41
,,Dvādaśī,16:33,15:02,15,Sep,2024,,,5:26,,29,Sep,2020,27,13,,,,,,,,Dvādaśī,16:33,15:02,,,,,,7:41,0:00
,,Trayodaśī,15:02,13:11,16,Sep,2024,,,5:26,,30,Sep,2020,28,14,,,,,,,,Trayodaśī,15:02,13:11,,,,,,,
,,Chaturdaśī,,11:05,17,Sep,2024,,,5:27,,1,Oct,2020,29,15,,,,,,,,Chaturdaśī,,11:05,,,,,,,
,,Pūrṇimā,11:05,8:48,18,Sep,2024,,,5:27,,,,,,,,,,,,,,Pūrṇimā,11:05,8:48,,,,,,,
,,,,,,,,,,,,,,,,,,,,,,,,,,,,,,,,,
,,,,,,,,,,,,,,,,,,,,,,,,,,,,,,,,,
,,,UTC:,?,,,,,,,,,,,,,,,,,,,,,UTC:,?,,,,,,,
Mās,Pak,Tithi,Start,End,Date,Mon,Year,A,K,Srise,Sset,Date,Mon,Year,VD,RT,Nakṣatra,Start,End,Date,Mon,Year,Day,Tithi,Start,End,Date,Mon,Year,Day,,,
Padmanābha,K,Pratipad,,6:23,19,Sep,2024,,,5:27,,2,Oct,2020,1,1,,,,,,,,Pratipad,,6:23,,,,,,,
,,Dvitīya,,3:56,20,Sep,2024,,,5:28,,3,Oct,2020,2,2,,,,,,,,Dvitīya,,3:56,,,,,,,
,,Tṛtīya,,1:33,21,Sep,2024,,,5:28,,4,Oct,2020,3,3,,,,,,,,Tṛtīya,,1:33,,,,,,,
,,Chaturthī,,23:17,21,Sep,2024,,,5:28,,5,Oct,2020,4,3,,,,,,,,Chaturthī,,23:17,,,,,,,
,,Pañchamī,,21:13,22,Sep,2024,,,5:28,,6,Oct,2020,5,4,,,,,,,,Pañchamī,,21:13,,,,,,,
,,Śaṣṭhī,,19:27,23,Sep,2024,,,5:29,,7,Oct,2020,6,5,,,,,,,,Śaṣṭhī,,19:27,,,,,,,
,,Saptamī,,18:02,24,Sep,2024,,,5:29,,8,Oct,2020,7,6,,,,,,,,Saptamī,,18:02,,,,,,,
,,Aṣṭamī,,16:40,25,Sep,2024,,,5:29,,9,Oct,2020,8,7,,,,,,,,Aṣṭamī,,16:40,,,,,,,
,,Navamī,,16:29,26,Sep,2024,,,5:30,,10,Oct,2020,9,8,,,,,,,,Navamī,,16:29,,,,,,,
,,Daśamī,,16:27,27,Sep,2024,,,5:30,,11,Oct,2020,10,9,,,,,,,,Daśamī,,16:27,,,,,,,
,,Ekādaśī,16:27,16:55,28,Sep,2024,,,5:30,,12,Oct,2020,11,10,,,,,,,,Ekādaśī,16:27,16:55,,,,,,,
,,Dvādaśī,16:55,17:54,29,Sep,2024,,,5:31,17:25,13,Oct,2020,12,11,X,,,,,,,Dvādaśī,16:55,17:54,,,,,,,
,,Trayodaśī,17:54,19:19,30,Sep,2024,,,5:31,17:24,14,Oct,2020,13,12,,,,,,,,Trayodaśī,17:54,19:19,,,,,,,
,,Chaturdaśī,,21:06,1,Oct,2024,,,5:31,,15,Oct,2020,14,13,,,,,,,,Chaturdaśī,,21:06,,,,,,,
,,Amāvasyā,21:06,23:07,2,Oct,2024,,,5:32,,16,Oct,2020,15,15,,,,,,,,Amāvasyā,21:06,23:07,,,,,,,
Padmanābha,G,Pratipad,,1:12,4,Oct,2024,,,5:33,,17,Oct,2020,16,1,,,,,,,,Pratipad,,1:12,,,,,,,
,,Dvitīya,,3:11,5,Oct,2024,,,5:33,,18,Oct,2020,17,2,,,,,,,,Dvitīya,,3:11,,,,,,,
,,Tṛtīya,,4:54,6,Oct,2024,,,5:33,,19,Oct,2020,18,3,,,,,,,,Tṛtīya,,4:54,,,,,,,
,,Chaturthī,,6:15,7,Oct,2024,A,,5:34,,20,Oct,2020,19,4,,,,,,,,Chaturthī,,6:15,,,,,,,
,,Pañchamī,,7:09,8,Oct,2024,,,5:34,,21,Oct,2020,20,5,,,,,,,,Pañchamī,,7:09,,,,,,,
,,Śaṣṭhī,,7:32,9,Oct,2024,,,5:35,,22,Oct,2020,21,6,,,,,,,,Śaṣṭhī,,7:32,,,,,,,
,,Saptamī,,7:25,10,Oct,2024,,,5:35,,23,Oct,2020,22,7,,,,,,,,Saptamī,,7:25,,,,,,,
,,Aṣṭamī,,6:48,11,Oct,2024,,,5:35,,24,Oct,2020,23,8,,,,,,,,Aṣṭamī,,6:48,,,,,,,
,,Navamī,,5:44,12,Oct,2024,,,5:36,,25,Oct,2020,24,9,,,,,,,,Navamī,,5:44,,,,,,,
,,Daśamī,,4:14,13,Oct,2024,,,5:36,,26,Oct,2020,25,10,,,,,,,,Daśamī,,4:14,,,,,,,
,,Ekādaśī,4:14,2:26,14,Oct,2024,,,5:37,,27,Oct,2020,26,11,,,,,,,,Ekādaśī,4:14,2:26,,,,,,,0:00
,,Dvādaśī,2:26,0:22,15,Oct,2024,,,5:37,17:10,28,Oct,2020,27,12,,,,,,,,Dvādaśī,2:26,0:22,,,,,,0:00,0:00
,,Trayodaśī,0:22,22:06,15,Oct,2024,,,5:37,,29,Oct,2020,28,13,,,,,,,,Trayodaśī,0:22,22:06,,,,,,,
,,Chaturdaśī,,19:44,16,Oct,2024,,,5:38,,30,Oct,2020,29,14,,,,,,,,Chaturdaśī,,19:44,,,,,,,
,,Pūrṇimā,19:44,17:19,17,Oct,2024,,,5:38,,31,Oct,2020,30,15,,,,,,,,Pūrṇimā,19:44,17:19,,,,,,,
,,,,,,,,,,,,,,,,,,,,,,,,,,,,,,,,,
,,,,,,,,,,,,,,,,,,,,,,,,,,,,,,,,,
,,,UTC:,?,,,,,,,,,,,,,,,,,,,,,UTC:,?,,,,,,,
Mās,Pak,Tithi,Start,End,Date,Mon,Year,A,K,Srise,Sset,Date,Mon,Year,VD,RT,Nakṣatra,Start,End,Date,Mon,Year,Day,Tithi,Start,End,Date,Mon,Year,Day,,,
Dāmodar,K,Pratipad,,14:57,18,Oct,2024,,,5:39,,1,Nov,2020,1,1,,,,,,,,Pratipad,,14:57,,,,,,,
,,Dvitīya,,12:44,19,Oct,2024,,,5:39,,2,Nov,2020,2,2,,,,,,,,Dvitīya,,12:44,,,,,,,
,,Tṛtīya,,10:42,20,Oct,2024,,,5:40,,3,Nov,2020,3,3,,,,,,,,Tṛtīya,,10:42,,,,,,,
,,Chaturthī,,8:57,21,Oct,2024,,,5:40,,4,Nov,2020,4,4,,,,,,,,Chaturthī,,8:57,,,,,,,
,,Pañchamī,,7:34,22,Oct,2024,,,5:41,,5,Nov,2020,5,5,,,,,,,,Pañchamī,,7:34,,,,,,,
,,Śaṣṭhī,,6:36,23,Oct,2024,,,5:41,,6,Nov,2020,6,6,,,,,,,,Śaṣṭhī,,6:36,,,,,,,
,,Saptamī,,6:06,24,Oct,2024,,,5:42,,7,Nov,2020,7,7,,,,,,,,Saptamī,,6:06,,,,,,,
,,Aṣṭamī,,6:07,25,Oct,2024,,,5:42,,8,Nov,2020,8,8,,,,,,,,Aṣṭamī,,6:07,,,,,,,
,,Navamī,,6:38,26,Oct,2024,,,5:43,,9,Nov,2020,9,9,,,,,,,,Navamī,,6:38,,,,,,,
,,Daśamī,,7:40,27,Oct,2024,,,5:43,,10,Nov,2020,10,10,,,,,,,,Daśamī,,7:40,,,,,,,
,,Ekādaśī,7:40,9:08,28,Oct,2024,,,5:44,16:59,11,Nov,2020,11,11,,,,,,,,Ekādaśī,7:40,9:08,,,,,,,
,,Dvādaśī,9:08,10:57,29,Oct,2024,,,5:44,16:58,12,Nov,2020,12,12,X,,,,,,,Dvādaśī,9:08,10:57,,,,,,,
,,Trayodaśī,10:57,13:01,30,Oct,2024,,,5:45,,13,Nov,2020,13,13,,,,,,,,Trayodaśī,10:57,13:01,,,,,,,
,,Chaturdaśī,,15:09,31,Oct,2024,,,5:45,,14,Nov,2020,14,14,,,,,,,,Chaturdaśī,,15:09,,,,,,,
,,Amāvasyā,15:09,17:09,1,Nov,2024,,,5:46,,15,Nov,2020,15,15,,,,,,,,Amāvasyā,15:09,17:09,,,,,,,
Dāmodar,G,Pratipad,,18:55,2,Nov,2024,,,5:46,,16,Nov,2020,16,1,,,,,,,,Pratipad,,18:55,,,,,,,
,,Dvitīya,,20:16,3,Nov,2024,,,5:47,,17,Nov,2020,17,2,,,,,,,,Dvitīya,,20:16,,,,,,,
,,Tṛtīya,,21:12,4,Nov,2024,,,5:47,,18,Nov,2020,18,4,,,,,,,,Tṛtīya,,21:12,,,,,,,
,,Chaturthī,,21:35,5,Nov,2024,,,5:48,,19,Nov,2020,19,5,,,,,,,,Chaturthī,,21:35,,,,,,,
,,Pañchamī,,21:28,6,Nov,2024,,,5:48,,20,Nov,2020,20,6,,,,,,,,Pañchamī,,21:28,,,,,,,
,,Śaṣṭhī,,20:52,7,Nov,2024,,,5:49,,21,Nov,2020,21,7,,,,,,,,Śaṣṭhī,,20:52,,,,,,,
,,Saptamī,,19:49,8,Nov,2024,,,5:50,,22,Nov,2020,22,8,,,,,,,,Saptamī,,19:49,,,,,,,
,,Aṣṭamī,,18:22,9,Nov,2024,,,5:50,,23,Nov,2020,23,9,,,,,,,,Aṣṭamī,,18:22,,,,,,,
,,Navamī,,16:35,10,Nov,2024,,,5:51,,24,Nov,2020,24,10,,,,,,,,Navamī,,16:35,,,,,,,
,,Daśamī,,14:32,11,Nov,2024,,,5:52,,25,Nov,2020,25,11,,,,,,,,Daśamī,,14:32,,,,,,,
,,Ekādaśī,14:32,12:18,12,Nov,2024,,,5:52,,26,Nov,2020,26,11,N,,,,,,,Ekādaśī,14:32,12:18,,,,,,,0:00
,,Dvādaśī,12:18,9:57,13,Nov,2024,,,5:53,16:51,27,Nov,2020,27,12,,,,,,,,Dvādaśī,12:18,9:57,,,,,,0:00,0:00
,,Trayodaśī,9:57,7:35,14,Nov,2024,,,5:54,,28,Nov,2020,28,13,,,,,,,,Trayodaśī,9:57,7:35,,,,,,,
,,Chaturdaśī,,5:15,15,Nov,2024,,K,5:54,,29,Nov,2020,29,14,,,,,,,,Chaturdaśī,,5:15,,,,,,,
,,Pūrṇimā,5:15,3:04,16,Nov,2024,,,5:55,,30,Nov,2020,30,15,,,,,,,,Pūrṇimā,5:15,3:04,,,,,,,
,,,,,,,,,,,,,,,,,,,,,,,,,,,,,,,,,
,,,,,,,,,,,,,,,,,,,,,,,,,,,,,,,,,
,,,UTC:,?,,,,,,,,,,,,,,,,,,,,,UTC:,?,,,,,,,
Mās,Pak,Tithi,Start,End,Date,Mon,Year,A,K,Srise,Sset,Date,Mon,Year,VD,RT,Nakṣatra,Start,End,Date,Mon,Year,Day,Tithi,Start,End,Date,Mon,Year,Day,,,
Keśava,K,Pratipad,,1:05,17,Nov,2024,,,5:56,,1,Dec,2020,1,1,,,,,,,,Pratipad,,1:05,,,,,,,
,,Dvitīya,,23:23,17,Nov,2024,,,5:56,,2,Dec,2020,2,2,,,,,,,,Dvitīya,,23:23,,,,,,,
,,Tṛtīya,,22:04,18,Nov,2024,,,5:57,,3,Dec,2020,3,3,,,,,,,,Tṛtīya,,22:04,,,,,,,
,,Chaturthī,,21:08,19,Nov,2024,,,5:57,,4,Dec,2020,4,4,,,,,,,,Chaturthī,,21:08,,,,,,,
,,Pañchamī,,20:40,20,Nov,2024,,,5:58,,5,Dec,2020,5,5,,,,,,,,Pañchamī,,20:40,,,,,,,
,,Śaṣṭhī,,20:45,21,Nov,2024,,,5:59,,6,Dec,2020,6,6,,,,,,,,Śaṣṭhī,,20:45,,,,,,,
,,Saptamī,,21:20,22,Nov,2024,,,6:00,,7,Dec,2020,7,7,,,,,,,,Saptamī,,21:20,,,,,,,
,,Aṣṭamī,,22:26,23,Nov,2024,,,6:01,,8,Dec,2020,8,8,,,,,,,,Aṣṭamī,,22:26,,,,,,,
,,Navamī,,23:58,24,Nov,2024,,,6:01,,9,Dec,2020,9,9,,,,,,,,Navamī,,23:58,,,,,,,
,,Daśamī,,1:50,26,Nov,2024,,,6:03,,10,Dec,2020,10,10,,,,,,,,Daśamī,,1:50,,,,,,,
,,Ekādaśī,1:50,3:56,27,Nov,2024,,,6:03,,11,Dec,2020,11,11,,,,,,,,Ekādaśī,1:50,3:56,,,,,,,
,,Dvādaśī,3:56,6:02,28,Nov,2024,,,6:04,,12,Dec,2020,12,13,X,,,,,,,Dvādaśī,3:56,6:02,,,,,,,
,,Trayodaśī,6:02,8:08,29,Nov,2024,A,,6:04,16:47,13,Dec,2020,13,14,,,,,,,,Trayodaśī,6:02,8:08,,,,,,,
,,Chaturdaśī,,9:54,30,Nov,2024,,,6:05,,14,Dec,2020,14,15,Eclipse,,,,,,,Chaturdaśī,,9:54,,,,,,,
,,Amāvasyā,9:54,11:17,1,Dec,2024,,,6:05,,15,Dec,2020,15,1,,,,,,,,Amāvasyā,9:54,11:17,,,,,,,
Keśava,G,Pratipad,,12:12,2,Dec,2024,,,6:06,,16,Dec,2020,16,2,,,,,,,,Pratipad,,12:12,,,,,,,
,,Dvitīya,,12:35,3,Dec,2024,,,6:07,,17,Dec,2020,17,3,,,,,,,,Dvitīya,,12:35,,,,,,,
,,Tṛtīya,,12:28,4,Dec,2024,,,6:07,,18,Dec,2020,18,4,,,,,,,,Tṛtīya,,12:28,,,,,,,
,,Chaturthī,,11:51,5,Dec,2024,,,6:08,,19,Dec,2020,19,5,,,,,,,,Chaturthī,,11:51,,,,,,,
,,Pañchamī,,10:47,6,Dec,2024,,,6:09,,20,Dec,2020,20,6,,,,,,,,Pañchamī,,10:47,,,,,,,
,,Śaṣṭhī,,9:20,7,Dec,2024,,,6:09,,21,Dec,2020,21,7,,,,,,,,Śaṣṭhī,,9:20,,,,,,,
,,Saptamī,,7:33,8,Dec,2024,,,6:10,,22,Dec,2020,22,8,,,,,,,,Saptamī,,7:33,,,,,,,
,,Aṣṭamī,,5:30,9,Dec,2024,,K,6:11,,23,Dec,2020,23,9,,,,,,,,Aṣṭamī,,5:30,,,,,,,
,,Navamī,,3:17,10,Dec,2024,,,6:11,,24,Dec,2020,24,10,,,,,,,,Navamī,,3:17,,,,,,,
,,Daśamī,,0:58,11,Dec,2024,,,6:12,,25,Dec,2020,25,11,,,,,,,,Daśamī,,0:58,,,,,,,
,,Ekādaśī,0:58,22:37,11,Dec,2024,,,6:12,16:50,26,Dec,2020,26,12,N,,,,,,,Ekādaśī,0:58,22:37,,,,,,,0:00
,,Dvādaśī,22:37,20:20,12,Dec,2024,,,6:13,,27,Dec,2020,27,13,,,,,,,,Dvādaśī,22:37,20:20,,,,,,0:00,0:00
,,Trayodaśī,20:20,18:11,13,Dec,2024,,,6:13,,28,Dec,2020,28,14,,,,,,,,Trayodaśī,20:20,18:11,,,,,,,
,,Chaturdaśī,,16:15,14,Dec,2024,,,6:14,,29,Dec,2020,29,14,,,,,,,,Chaturdaśī,,16:15,,,,,,,
,,Pūrṇimā,16:15,14:36,15,Dec,2024,,,6:15,,30,Dec,2020,30,15,,,,,,,,Pūrṇimā,16:15,14:36,,,,,,,
,,,,,,,,,,,,,,,,,,,,,,,,,,,,,,,,,
,,,,,,,,,,,,,,,,,,,,,,,,,,,,,,,,,
,,,UTC:,?,,,,,,,,,,,,,,,,,,,,,UTC:,?,,,,,,,
Mās,Pak,Tithi,Start,End,Date,Mon,Year,A,K,Srise,Sset,Date,Mon,Year,VD,RT,Nakṣatra,Start,End,Date,Mon,Year,Day,Tithi,Start,End,Date,Mon,Year,Day,,,
Nārāyaṇ,K,Pratipad,,13:19,16,Dec,2024,,,6:16,,31,Dec,2020,1,1,,,,,,,,Pratipad,,13:19,,,,,,,
,,Dvitīya,,12:27,17,Dec,2024,,,6:16,,1,Jan,2020,2,2,,,,,,,,Dvitīya,,12:27,,,,,,,
,,Tṛtīya,,12:04,18,Dec,2024,,,6:17,,2,Jan,2020,3,3,,,,,,,,Tṛtīya,,12:04,,,,,,,
,,Chaturthī,,12:11,19,Dec,2024,,,6:18,,3,Jan,2020,4,4,,,,,,,,Chaturthī,,12:11,,,,,,,
,,Pañchamī,,12:49,20,Dec,2024,,,6:18,,4,Jan,2020,5,5,,,,,,,,Pañchamī,,12:49,,,,,,,
,,Śaṣṭhī,,13:58,21,Dec,2024,,,6:19,,5,Jan,2020,6,7,,,,,,,,Śaṣṭhī,,13:58,,,,,,,
,,Saptamī,,15:34,22,Dec,2024,,,6:20,,6,Jan,2020,7,8,,,,,,,,Saptamī,,15:34,,,,,,,
,,Aṣṭamī,,17:29,23,Dec,2024,,,6:21,,7,Jan,2020,8,9,,,,,,,,Aṣṭamī,,17:29,,,,,,,
,,Navamī,,19:37,24,Dec,2024,,,6:21,,8,Jan,2020,9,10,,,,,,,,Navamī,,19:37,,,,,,,
,,Daśamī,,21:47,25,Dec,2024,,,6:22,,9,Jan,2020,10,11,,,,,,,,Daśamī,,21:47,,,,,,,
,,Ekādaśī,21:47,23:49,26,Dec,2024,,,6:22,16:55,10,Jan,2020,11,12,,,,,,,,Ekādaśī,21:47,23:49,,,,,,,
,,Dvādaśī,23:49,1:34,28,Dec,2024,,,6:22,,11,Jan,2020,12,13,X,,,,,,,Dvādaśī,23:49,1:34,,,,,,,
,,Trayodaśī,1:34,2:55,29,Dec,2024,,,6:22,,12,Jan,2020,13,14,,,,,,,,Trayodaśī,1:34,2:55,,,,,,,
,,Chaturdaśī,,3:48,30,Dec,2024,,,6:23,,13,Jan,2020,14,15,,,,,,,,Chaturdaśī,,3:48,,,,,,,
,,Amāvasyā,3:48,4:10,31,Dec,2024,,,6:23,,14,Jan,2020,15,1,,,,,,,,Amāvasyā,3:48,4:10,,,,,,,
Nārāyaṇ,G,Pratipad,,4:01,1,Jan,2025,,,6:23,,15,Jan,2020,16,2,,,,,,,,Pratipad,,4:01,,,,,,,
,,Dvitīya,,3:22,2,Jan,2025,,,6:23,,16,Jan,2020,17,3,,,,,,,,Dvitīya,,3:22,,,,,,,
,,Tṛtīya,,2:17,3,Jan,2025,,,6:24,,17,Jan,2020,18,4,,,,,,,,Tṛtīya,,2:17,,,,,,,
,,Chaturthī,,0:48,4,Jan,2025,,,6:24,,18,Jan,2020,19,5,,,,,,,,Chaturthī,,0:48,,,,,,,
,,Pañchamī,,22:59,4,Jan,2025,,,6:24,,19,Jan,2020,20,6,,,,,,,,Pañchamī,,22:59,,,,,,,
,,Śaṣṭhī,,20:56,5,Jan,2025,,,6:24,,20,Jan,2020,21,7,,,,,,,,Śaṣṭhī,,20:56,,,,,,,
,,Saptamī,,18:43,6,Jan,2025,,,6:24,,21,Jan,2020,22,8,,,,,,,,Saptamī,,18:43,,,,,,,
,,Aṣṭamī,,16:23,7,Jan,2025,,,6:24,,22,Jan,2020,23,9,,,,,,,,Aṣṭamī,,16:23,,,,,,,
,,Navamī,,14:02,8,Jan,2025,,,6:25,,23,Jan,2020,24,10,,,,,,,,Navamī,,14:02,,,,,,,
,,Daśamī,,11:46,9,Jan,2025,,,6:25,,24,Jan,2020,25,11,,,,,,,,Daśamī,,11:46,,,,,,,
,,Ekādaśī,11:46,9:38,10,Jan,2025,,,6:25,17:05,25,Jan,2020,26,12,Rohini,5:50,5:54,,,,,Ekādaśī,11:46,9:38,,,,,,,#REF!
,,Dvādaśī,9:38,7:44,11,Jan,2025,,,6:25,17:06,26,Jan,2020,27,13,,,,,,,,Dvādaśī,9:38,7:44,,,,,,#REF!,5:54
,,Trayodaśī,7:44,6:06,12,Jan,2025,,K,6:25,,27,Jan,2020,28,14,,,,,,,,Trayodaśī,7:44,6:06,,,,,,,
,,Chaturdaśī,,4:52,13,Jan,2025,,,6:25,,28,Jan,2020,29,15,,,,,,,,Chaturdaśī,,4:52,,,,,,,
,,Pūrṇimā,4:52,4:03,14,Jan,2025,,,6:26,,,,,30,,,,,,,,,Pūrṇimā,4:52,4:03,,,,,,,
,,,,,,,,,,,,,,,,,,,,,,,,,,,,,,,,,
,,,,,,,,,,,,,,,,,,,,,,,,,,,,,,,,,
,,,UTC:,?,,,,,,,,,,,,,,,,,,,,,UTC:,?,,,,,,,
Mās,Pak,Tithi,Start,End,Date,Mon,Year,A,K,Srise,Sset,Date,Mon,Year,VD,RT,Nakṣatra,Start,End,Date,Mon,Year,Day,Tithi,Start,End,Date,Mon,Year,Day,,,
Mādhava,K,Pratipad,,3:42,15,Jan,2025,,,6:26,,29,Jan,2020,1,1,,,,,,,,Pratipad,,3:42,,,,,,,
,,Dvitīya,,3:52,16,Jan,2025,,,6:26,,30,Jan,2020,2,2,,,,,,,,Dvitīya,,3:52,,,,,,,
,,Tṛtīya,,4:33,17,Jan,2025,,,6:26,,31,Jan,2020,3,3,,,,,,,,Tṛtīya,,4:33,,,,,,,
,,Chaturthī,,5:45,18,Jan,2025,,,6:26,,1,Feb,2020,4,4,,,,,,,,Chaturthī,,5:45,,,,,,,
,,Pañchamī,,7:21,19,Jan,2025,A,,6:26,,2,Feb,2020,5,5,,,,,,,,Pañchamī,,7:21,,,,,,,
,,Śaṣṭhī,,9:17,20,Jan,2025,,,6:26,,3,Feb,2020,6,6,,,,,,,,Śaṣṭhī,,9:17,,,,,,,
,,Saptamī,,11:25,21,Jan,2025,,,6:26,,4,Feb,2020,7,7,,,,,,,,Saptamī,,11:25,,,,,,,
,,Aṣṭamī,,13:34,22,Jan,2025,,,6:26,,5,Feb,2020,8,8,,,,,,,,Aṣṭamī,,13:34,,,,,,,
,,Navamī,,15:34,23,Jan,2025,,,6:26,,6,Feb,2020,9,9,,,,,,,,Navamī,,15:34,,,,,,,
,,Daśamī,,15:17,24,Jan,2025,,,6:25,,7,Feb,2020,10,10,,,,,,,,Daśamī,,15:17,,,,,,,
,,Ekādaśī,15:17,18:35,25,Jan,2025,,,6:25,,8,Feb,2020,11,12,,,,,,,,Ekādaśī,15:17,18:35,,,,,,,
,,Dvādaśī,18:35,19:25,26,Jan,2025,,,6:25,17:16,9,Feb,2020,12,13,X,,,,,,,Dvādaśī,18:35,19:25,,,,,,,
,,Trayodaśī,19:25,19:44,27,Jan,2025,,,6:24,,10,Feb,2020,13,14,,,,,,,,Trayodaśī,19:25,19:44,,,,,,,
,,Chaturdaśī,,19:31,28,Jan,2025,,,6:24,,11,Feb,2020,14,15,,,,,,,,Chaturdaśī,,19:31,,,,,,,
,,Amāvasyā,19:31,18:50,29,Jan,2025,,,6:24,,12,Feb,2020,15,1,,,,,,,,Amāvasyā,19:31,18:50,,,,,,,
Mādhava,G,Pratipad,,17:41,30,Jan,2025,,,6:23,,13,Feb,2020,16,2,,,,,,,,Pratipad,,17:41,,,,,,,
,,Dvitīya,,16:09,31,Jan,2025,,,6:23,,14,Feb,2020,17,3,,,,,,,,Dvitīya,,16:09,,,,,,,
,,Tṛtīya,,14:19,1,Feb,2025,,,6:22,,15,Feb,2020,18,4,,,,,,,,Tṛtīya,,14:19,,,,,,,
,,Chaturthī,,12:14,2,Feb,2025,,,6:22,,16,Feb,2020,19,5,,,,,,,,Chaturthī,,12:14,,,,,,,
,,Pañchamī,,9:59,3,Feb,2025,,,6:22,,17,Feb,2020,20,6,,,,,,,,Pañchamī,,9:59,,,,,,,
,,Śaṣṭhī,,7:38,4,Feb,2025,,,6:21,,18,Feb,2020,21,6,,,,,,,,Śaṣṭhī,,7:38,,,,,,,
,,Saptamī,,5:17,5,Feb,2025,,K,6:21,,19,Feb,2020,22,7,,,,,,,,Saptamī,,5:17,,,,,,,
,,Aṣṭamī,,2:59,6,Feb,2025,,,6:20,,20,Feb,2020,23,8,,,,,,,,Aṣṭamī,,2:59,,,,,,,
,,Navamī,,0:51,7,Feb,2025,,,6:20,,21,Feb,2020,24,9,,,,,,,,Navamī,,0:51,,,,,,,
,,Daśamī,,22:57,7,Feb,2025,,,6:20,,22,Feb,2020,25,10,,,,,,,,Daśamī,,22:57,,,,,,,
,,Ekādaśī,22:57,21:20,8,Feb,2025,,,6:19,,23,Feb,2020,26,11,,,,,,,,Ekādaśī,22:57,21:20,,,,,,,0:00
,,Dvādaśī,21:20,20:06,9,Feb,2025,,,6:19,17:25,24,Feb,2020,27,12,,,,,,,,Dvādaśī,21:20,20:06,,,,,,0:00,0:00
,,Trayodaśī,20:06,19:18,10,Feb,2025,,,6:18,,25,Feb,2020,28,13,,,,,,,,Trayodaśī,20:06,19:18,,,,,,,
,,Chaturdaśī,,18:58,11,Feb,2025,,,6:18,,26,Feb,2020,29,14,,,,,,,,Chaturdaśī,,18:58,,,,,,,
,,Pūrṇimā,18:58,19:09,12,Feb,2025,,,6:17,,27,Feb,2020,30,15,,,,,,,,Pūrṇimā,18:58,19:09,,,,,,,
,,,,,,,,,,,,,,,,,,,,,,,,,,,,,,,,,
,,,,,,,,,,,,,,,,,,,,,,,,,,,,,,,,,
,,,UTC:,?,,,,,,,,,,,,,,,,,,,,,UTC:,?,,,,,,,
Mās,Pak,Tithi,Start,End,Date,Mon,Year,A,K,Srise,Sset,Date,Mon,Year,VD,RT,Nakṣatra,Start,End,Date,Mon,Year,Day,Tithi,Start,End,Date,Mon,Year,Day,,,
Govinda,K,Pratipad,,19:52,13,Feb,2025,,,6:16,,28,Feb,2020,1,1,,,,,,,,Pratipad,,19:52,,,,,,,
,,Dvitīya,,21:04,14,Feb,2025,,,6:16,,1,Mar,2020,2,2,,,,,,,,Dvitīya,,21:04,,,,,,,
,,Tṛtīya,,22:40,15,Feb,2025,,,6:15,,2,Mar,2020,3,3,,,,,,,,Tṛtīya,,22:40,,,,,,,
,,Chaturthī,,0:37,17,Feb,2025,,,6:14,,3,Mar,2020,4,4,,,,,,,,Chaturthī,,0:37,,,,,,,
,,Pañchamī,,2:44,18,Feb,2025,,,6:13,,4,Mar,2020,5,6,,,,,,,,Pañchamī,,2:44,,,,,,,
,,Śaṣṭhī,,4:52,19,Feb,2025,,,6:13,,5,Mar,2020,6,7,,,,,,,,Śaṣṭhī,,4:52,,,,,,,
,,Saptamī,,6:49,20,Feb,2025,A,,6:12,,6,Mar,2020,7,8,,,,,,,,Saptamī,,6:49,,,,,,,
,,Aṣṭamī,,8:28,21,Feb,2025,,,6:11,,7,Mar,2020,8,9,,,,,,,,Aṣṭamī,,8:28,,,,,,,
,,Navamī,,9:43,22,Feb,2025,,,6:10,,8,Mar,2020,9,10,,,,,,,,Navamī,,9:43,,,,,,,
,,Daśamī,,10:29,23,Feb,2025,,,6:10,,9,Mar,2020,10,11,,,,,,,,Daśamī,,10:29,,,,,,,
,,Ekādaśī,10:29,10:44,24,Feb,2025,,,6:09,17:44,10,Mar,2020,11,12,,,,,,,,Ekādaśī,10:29,10:44,,,,,,,
,,Dvādaśī,10:44,10:28,25,Feb,2025,,,6:08,,11,Mar,2020,12,13,X,,,,,,,Dvādaśī,10:44,10:28,,,,,,,
,,Trayodaśī,10:28,9:42,26,Feb,2025,,,6:07,,12,Mar,2020,13,14,,,,,,,,Trayodaśī,10:28,9:42,,,,,,,
,,Chaturdaśī,,8:31,27,Feb,2025,,,6:06,,13,Mar,2020,14,15,,,,,,,,Chaturdaśī,,8:31,,,,,,,
,,Amāvasyā,8:31,6:56,28,Feb,2025,,,6:05,,14,Mar,2020,15,1,,,,,,,,Amāvasyā,8:31,6:56,,,,,,,
Govinda,G,Pratipad,,5:04,1,Mar,2025,,K,6:05,,15,Mar,2020,16,2,,,,,,,,Pratipad,,5:04,,,,,,,
,,Dvitīya,,2:57,2,Mar,2025,,,6:04,,16,Mar,2020,17,3,,,,,,,,Dvitīya,,2:57,,,,,,,
,,Tṛtīya,,0:40,3,Mar,2025,,,6:04,,17,Mar,2020,18,4,,,,,,,,Tṛtīya,,0:40,,,,,,,
,,Chaturthī,,22:17,3,Mar,2025,,,6:03,,18,Mar,2020,19,5,,,,,,,,Chaturthī,,22:17,,,,,,,
,,Pañchamī,,19:55,4,Mar,2025,,,6:02,,19,Mar,2020,20,6,,,,,,,,Pañchamī,,19:55,,,,,,,
,,Śaṣṭhī,,17:36,5,Mar,2025,,,6:01,,20,Mar,2020,21,7,,,,,,,,Śaṣṭhī,,17:36,,,,,,,
,,Saptamī,,15:27,6,Mar,2025,,,6:00,,21,Mar,2020,22,8,,,,,,,,Saptamī,,15:27,,,,,,,
,,Aṣṭamī,,13:32,7,Mar,2025,,,5:59,,22,Mar,2020,23,9,,,,,,,,Aṣṭamī,,13:32,,,,,,,
,,Navamī,,11:54,8,Mar,2025,,,5:58,,23,Mar,2020,24,10,,,,,,,,Navamī,,11:54,,,,,,,
,,Daśamī,,10:39,9,Mar,2025,,,5:57,,24,Mar,2020,25,10,,,,,,,,Daśamī,,10:39,,,,,,,
,,Ekādaśī,10:39,9:50,10,Mar,2025,,,5:56,,25,Mar,2020,26,11,N,,,,,,,Ekādaśī,10:39,9:50,,,,,,,#REF!
,,Dvādaśī,9:50,9:31,11,Mar,2025,,,5:55,17:40,26,Mar,2020,27,13,,,,,,,,Dvādaśī,9:50,9:31,,,,,,#REF!,#REF!
,,Trayodaśī,9:31,9:41,12,Mar,2025,,,5:54,,27,Mar,2020,28,14,,,,,,,,Trayodaśī,9:31,9:41,,,,,,,
,,Chaturdaśī,,10:24,13,Mar,2025,,,5:53,,28,Mar,2020,29,15,,,,,,,,Chaturdaśī,,10:24,,,,,,,
,,Pūrṇimā,10:24,11:35,14,Mar,2025,,,5:52,,,,,,,,,,,,,,Pūrṇimā,10:24,11:35,,,,,,,
,,,,,,,,,,,,,,,,,,,,,,,,,,,,,,,,,
,,,,,,,,,,,,,,,,,,,,,,,,,,,,,,,,,
,,,UTC:,?,,,,,,,,,,,,,,,,,,,,,UTC:,?,,,,,,,
Mās,Pak,Tithi,Start,End,Date,Mon,Year,A,K,Srise,Sset,Date,Mon,Year,VD,RT,Nakṣatra,Start,End,Date,Mon,Year,Day,Tithi,Start,End,Date,Mon,Year,Day,,,
Viṣṇu,K,Pratipad,,13:11,15,Mar,2025,,,5:52,,29,Mar,2020,1,1,,,,,,,,Pratipad,,13:11,,,,,,,
,,Dvitīya,,15:06,16,Mar,2025,,,5:51,,30,Mar,2020,2,2,,,,,,,,Dvitīya,,15:06,,,,,,,
,,Tṛtīya,,17:11,17,Mar,2025,,,5:50,,31,Mar,2020,3,3,,,,,,,,Tṛtīya,,17:11,,,,,,,
,,Chaturthī,,19:17,18,Mar,2025,,,5:49,,1,Apr,2020,4,4,,,,,,,,Chaturthī,,19:17,,,,,,,
,,Pañchamī,,21:13,19,Mar,2025,,,5:48,,2,Apr,2020,5,5,,,,,,,,Pañchamī,,21:13,,,,,,,
,,Śaṣṭhī,,22:49,20,Mar,2025,,,5:47,,3,Apr,2020,6,6,,,,,,,,Śaṣṭhī,,22:49,,,,,,,
,,Saptamī,,0:01,22,Mar,2025,,,5:45,,4,Apr,2020,7,7,,,,,,,,Saptamī,,0:01,,,,,,,
,,Aṣṭamī,,0:43,23,Mar,2025,,,5:44,,5,Apr,2020,8,8,,,,,,,,Aṣṭamī,,0:43,,,,,,,
,,Navamī,,0:55,24,Mar,2025,,,5:44,,6,Apr,2020,9,9,,,,,,,,Navamī,,0:55,,,,,,,
,,Daśamī,,0:36,25,Mar,2025,,,5:43,,7,Apr,2020,10,11,,,,,,,,Daśamī,,0:36,,,,,,,
,,Ekādaśī,0:36,23:47,25,Mar,2025,,,5:42,17:46,8,Apr,2020,11,12,,,,,,,,Ekādaśī,0:36,23:47,,,,,,,
,,Dvādaśī,23:47,22:33,26,Mar,2025,,,5:41,,9,Apr,2020,12,13,X,,,,,,,Dvādaśī,23:47,22:33,,,,,,,
,,Trayodaśī,22:33,20:56,27,Mar,2025,,,5:40,,10,Apr,2020,13,14,,,,,,,,Trayodaśī,22:33,20:56,,,,,,,
,,Chaturdaśī,,19:01,28,Mar,2025,,,5:39,,11,Apr,2020,14,14,,,,,,,,Chaturdaśī,,19:01,,,,,,,
,,Amāvasyā,19:01,16:51,29,Mar,2025,,,5:38,,12,Apr,2020,15,15,,,,,,,,Amāvasyā,19:01,16:51,,,,,,,
Viṣṇu,G,Pratipad,,14:32,30,Mar,2025,,,5:37,,13,Apr,2020,16,1,,,,,,,,Pratipad,,14:32,,,,,,,
,,Dvitīya,,12:08,31,Mar,2025,,,5:36,,14,Apr,2020,17,2,,,,,,,,Dvitīya,,12:08,,,,,,,
,,Tṛtīya,,9:43,1,Apr,2025,,,5:35,,27,Mar,2020,18,3,,,,,,,,Tṛtīya,,9:43,,,,,,,
,,Chaturthī,,7:23,2,Apr,2025,,,5:34,,28,Mar,2020,19,4,,,,,,,,Chaturthī,,7:23,,,,,,,
,,Pañchamī,,5:15,3,Apr,2025,,,5:33,,29,Mar,2020,20,5,,,,,,,,Pañchamī,,5:15,,,,,,,
,,Śaṣṭhī,,3:18,4,Apr,2025,,,5:32,,30,Mar,2020,21,6,,,,,,,,Śaṣṭhī,,3:18,,,,,,,
,,Saptamī,,1:39,5,Apr,2025,,,5:31,,31,Mar,2020,22,7,,,,,,,,Saptamī,,1:39,,,,,,,
,,Aṣṭamī,,0:23,6,Apr,2025,,,5:30,,1,Apr,2020,23,8,,,,,,,,Aṣṭamī,,0:23,,,,,,,
,,Navamī,,23:32,6,Apr,2025,,,5:30,,2,Apr,2020,24,9,,,,,,,,Navamī,,23:32,,,,,,,
,,Daśamī,,23:11,7,Apr,2025,,,5:29,,3,Apr,2020,25,10,,,,,,,,Daśamī,,23:11,,,,,,,
,,Ekādaśī,23:11,23:20,8,Apr,2025,,,5:28,,4,Apr,2020,26,11,,,,,,,,Ekādaśī,23:11,23:20,,,,,,,0:00
,,Dvādaśī,23:20,23:49,9,Apr,2025,,,5:27,17:52,5,Apr,2020,27,12,N,,,,,,,Dvādaśī,23:20,23:49,,,,,,0:00,0:00
,,Trayodaśī,23:49,1:10,11,Apr,2025,,,5:25,17:53,6,Apr,2020,28,13,,,,,,,,Trayodaśī,23:49,1:10,,,,,,,
,,Chaturdaśī,,2:44,12,Apr,2025,,,5:24,,7,Apr,2020,29,14,,,,,,,,Chaturdaśī,,2:44,,,,,,,
,,Pūrṇimā,2:44,4:37,13,Apr,2025,,,5:23,,8,Apr,2020,30,15,,,,,,,,Pūrṇimā,2:44,4:37,,,,,,,
,,,,,,,,,,,,,,,,,,,,,,,,,,,,,,,,,
,,,,,,,,,,,,,,,,,,,,,,,,,,,,,,,,,
,,,,,,,,,,,,,,,,,,,,,,,,,,,,,,,,,
Mās,Pak,Tithi,Start,End,Date,Mon,Year,A,K,Srise,Sset,Date,Mon,Year,VD,RT,Nakṣatra,Start,End,Date,Mon,Year,Day,Tithi,Start,End,Date,Mon,Year,Day,,,
Madhusūdan,K,Pratipad,,6:39,14,Apr,2025,A,,5:22,,,Apr,2020,1,1,,,,,,,,Pratipad,,6:39,,,,,,,
End Beng,,Dvitīya,,,,Apr,,,,,,,Apr,2020,2,3,,,,,,,,Dvitīya,,0:00,,,,,,,
,,Tṛtīya,,,,Apr,,,,,,,Apr,2020,3,4,,,,,,,,Tṛtīya,,0:00,,,,,,,
,,Chaturthī,,,,Apr,,,,,,,Apr,2020,4,5,,,,,,,,Chaturthī,,0:00,,,,,,,
,,Pañchamī,,,,Apr,,,,,,,Apr,2020,5,6,,,,,,,,Pañchamī,,0:00,,,,,,,
,,Śaṣṭhī,,,,Apr,,,,,,,Apr,2020,6,7,,,,,,,,Śaṣṭhī,,0:00,,,,,,,
,,Saptamī,,,,Apr,,,,,,,Apr,2020,7,8,,,,,,,,Saptamī,,0:00,,,,,,,
,,Aṣṭamī,,,,Apr,,,,,,,Apr,2020,8,9,,,,,,,,Aṣṭamī,,0:00,,,,,,,
,,Navamī,,,,Apr,,,,,,,Apr,2020,9,10,,,,,,,,Navamī,,0:00,,,,,,,
,,Daśamī,,,,Apr,,,,,,15,Apr,2023,10,11,,,,,,,,Daśamī,,0:00,,,,,,,
,,Ekādaśī,,,,Apr,,,,,,16,Apr,2023,11,12,,,,,,,,Ekādaśī,0:00,0:00,,,,,,,
,,Dvādaśī,,,,Apr,,,,,,17,Apr,2023,12,13,X,,,,,,,Dvādaśī,0:00,0:00,,,,,,,
,,Trayodaśī,,,,Apr,,,,,,18,Apr,2023,13,14,,,,,,,,Trayodaśī,0:00,0:00,,,,,,,
,,Chaturdaśī,,,,Apr,,,,,,19,Apr,2023,14,14,,,,,,,,Chaturdaśī,,0:00,,,,,,,
,,Amāvasyā,,,,Apr,,,,,,20,Apr,2023,15,15,,,,,,,,Amāvasyā,0:00,0:00,,,,,,,
Madhusūdan,G,Pratipad,,,,Apr,,,,,,21,Apr,2023,16,1,,,,,,,,Pratipad,,0:00,,,,,,,
,,Dvitīya,,,,Apr,,,,,,22,Apr,2023,17,2,,,,,,,,Dvitīya,,0:00,,,,,,,
,,Tṛtīya,,,,Apr,,,,,,23,Apr,2023,18,3,,,,,,,,Tṛtīya,,0:00,,,,,,,
,,Chaturthī,,,,Apr,,,,,,24,Apr,2023,19,4,,,,,,,,Chaturthī,,0:00,,,,,,,
,,Pañchamī,,,,Apr,,,,,,25,Apr,2023,20,5,,,,,,,,Pañchamī,,0:00,,,,,,,
,,Śaṣṭhī,,,,Apr,,,,,,26,Apr,2023,21,6,,,,,,,,Śaṣṭhī,,0:00,,,,,,,
,,Saptamī,,,,Apr,,,,,,27,Apr,2023,22,7,,,,,,,,Saptamī,,0:00,,,,,,,
,,Aṣṭamī,,,,Apr,,,,,,28,Apr,2023,23,8,,,,,,,,Aṣṭamī,,0:00,,,,,,,
,,Navamī,,,,Apr,,,,,,29,Apr,2023,24,9,,,,,,,,Navamī,,0:00,,,,,,,
,,Daśamī,,,,Apr,,,,,,30,Apr,2023,25,11,,,,,,,,Daśamī,,0:00,,,,,,,
,,Ekādaśī,,,,May,,,,,,1,May,2023,26,12,,,,,,,,Ekādaśī,0:00,0:00,,,,,,,0:00
,,Dvādaśī,,,,May,,,,,,2,May,2023,27,13,N,,,,,,,Dvādaśī,0:00,0:00,,,,,,0:00,0:00
,,Trayodaśī,,,,May,,,,,,3,May,2023,28,14,,,,,,,,Trayodaśī,0:00,0:00,,,,,,,
,,Chaturdaśī,,,,May,,,,,,4,May,2023,29,15,,,,,,,,Chaturdaśī,,0:00,,,,,,,
,,Pūrṇimā,,,,May,,,,,,5,May,2023,,,,,,,,,,Pūrṇimā,0:00,0:00,,,,,,,